Gene,OncoPredictsGenes,TMPredictsGenes,BothCount,ActualLabel
RAF1,6,1,4,1
TEAD1,2,0,2,-3
ATM,3,16,14,-1
OXSR1,0,0,1,-3
RBPJ,0,0,1,-3
GRAP2,7,0,1,-3
ATR,0,13,9,-1
DYRK2,2,2,3,-3
CDK2,12,10,20,-3
SGK1,6,6,0,1
GNB1,7,0,1,1
GNAZ,1,0,3,-3
RPS6KA3,8,4,1,-3
MYO18A,2,0,1,-2
MALT1,1,0,0,-2
NTF3,4,0,5,-3
NTF4,3,0,4,-3
MAPK1,22,24,13,1
MAPK3,22,25,7,1
PSMA3,0,1,0,-3
FN1,4,0,1,-3
PRKACA,19,11,16,1
RPS6KB1,5,4,1,-3
BUB1,1,0,3,-3
UBE2D2,0,1,0,-3
ABL1,16,7,7,1
CDH1,1,2,2,-1
TRIB3,0,2,2,-3
CSNK2A1,14,10,16,-3
SLA,0,2,3,-3
KLRC2,5,0,1,-3
CDK1,21,11,15,-3
CAMK2A,4,4,5,-3
KLRD1,5,0,1,-3
ARHGDIA,3,2,1,-3
CLTC,1,2,0,-2
AURKB,5,2,3,1
SH3KBP1,4,0,0,-3
ESR1,6,0,5,1
MKNK1,1,0,0,-2
MKNK2,1,0,0,-3
GSK3B,9,17,13,1
BRCA2,0,0,2,-1
DCAF1,0,1,0,-3
PLK1,10,2,8,-3
MLST8,3,1,1,-3
FGFR1OP2,4,0,1,-3
CHEK1,4,5,8,-1
ARAF,6,0,1,1
LKB1,1,0,2,-3
EGF,6,1,5,-3
CDK4,7,4,4,1
KLRK1,5,0,1,-3
PRKCD,8,6,8,-3
LMNA,4,0,0,-2
GRK6,1,1,1,-3
GRK2,1,0,2,-3
BLK,2,0,3,-3
MAPK12,1,2,0,-3
CDK5,9,4,12,-3
NRG1,3,0,7,1
TP53BP1,1,4,1,-1
XPO1,1,7,0,1
CREBBP,8,2,9,-1
HIST1H2BB,0,2,2,-3
HIST1H2BD,0,2,2,-2
HIST1H2BA,0,2,2,-3
HIST1H2BN,0,2,2,-3
HIST1H2BO,0,2,2,-2
HIST1H2BJ,0,2,2,-2
HIST1H2BK,0,2,2,-2
HIST1H2BL,0,2,2,-3
HIST1H2BM,0,2,2,-3
HIST1H2BG,0,2,2,-2
HIST1H2BH,0,2,2,-3
XRCC5,0,1,0,-3
XRCC6,0,1,0,-3
FGFR4,4,0,1,1
ABL2,4,0,2,1
CD3G,8,0,3,-3
CD3D,5,0,3,-3
RASA1,1,2,4,-1
CD3E,5,0,3,-3
VAV1,9,0,0,1
CD28,1,0,1,1
CD19,2,0,1,-3
PCNA,1,0,0,-3
CD86,1,0,1,-3
CD80,1,0,1,-3
JAK2,19,2,7,1
EPHB1,4,0,3,-1
GRB2,23,5,8,-3
IGLV7-43,4,0,2,-3
CHK1,0,1,0,-3
NEK1,0,0,1,-3
NEK2,1,0,2,-3
PRKG1,1,2,3,-3
PRKG2,1,2,0,-3
RAC1,2,1,2,1
CD8A,2,0,1,-3
CD8B,2,0,1,-3
AKT1,21,18,13,1
AKT2,8,4,2,1
TGFBR2,0,0,4,-1
ABI1,0,1,0,-2
YWHAB,15,9,4,-3
IRAK1,2,3,1,-3
CALM1,4,3,1,-3
PIP5K1A,3,0,1,-3
PIP5K1B,3,0,1,-3
EIF2AK2,1,3,0,-3
PRKD1,5,3,2,-2
MAP4K3,0,0,1,-3
CSNK1D,2,6,4,-3
DYRK3,0,1,0,-3
CLCN6,4,0,0,-3
RICTOR,3,1,1,1
INSR,11,1,4,1
LYN,16,4,10,1
IGLV2-23,4,0,2,-3
IGLV2-11,4,0,2,-3
IGLV2-14,4,0,2,-3
BTC,4,0,3,-3
IGLV2-8,4,0,2,-3
RAD50,0,7,3,-1
RPTOR,0,2,2,1
CAMK2G,7,0,2,-3
H2AFX,0,3,2,-3
RELA,3,1,1,-3
CAMK2B,5,2,2,-3
CAMK2D,6,0,1,-3
PKN1,5,2,0,-3
PTPN1,4,7,2,0
MAX,0,0,1,-1
ARRB2,2,0,2,-3
LATS2,0,3,1,-1
TNNI3K,2,0,2,-3
BTRC,7,5,1,-3
EZH2,0,0,1,0
PAK1,12,1,8,1
CDK7,2,5,2,-3
CXCR4,5,0,0,1
FAAP100,0,1,0,-3
CRK,6,3,4,-3
LRRK2,1,0,2,-2
PRKAA1,7,6,5,-3
PRKAA2,3,4,3,-3
NTRK1,2,1,4,1
SRC,40,9,30,1
HERC2,1,2,2,-3
BMX,2,1,1,-3
ILK,1,1,1,-3
PRMT1,0,0,2,-3
GNG2,6,0,1,-3
NGFR,0,1,1,-3
DCLK1,1,0,0,-3
H2BFS,0,2,2,-3
PTK2B,3,1,4,-3
B2M,7,0,1,-1
HIST3H3,0,2,2,-2
YWHAG,6,4,3,-3
PKC,5,2,2,-3
PRKCA,12,17,12,-3
DAPK1,0,1,1,-3
BIRC5,1,0,0,-3
CSNK2B,1,2,2,-3
STK17A,1,1,3,-3
SP1,1,1,1,-3
UNC5B,1,0,0,-3
GIT1,1,0,0,-3
INS,5,0,0,-3
PRKCZ,6,5,6,-3
PRKD3,0,1,0,-3
MAP2K1,6,3,3,1
MAP2K4,0,1,1,-1
PIN1,15,5,0,-3
CTNNB1,4,4,3,1
PRKCQ,1,1,4,-3
PRKCE,6,2,1,-3
PRKCH,0,1,2,-3
IGKV1D-12,4,0,2,-3
IGKV1D-16,4,0,2,-3
TOPBP1,1,7,1,-3
HSP90AA1,5,1,3,-2
IGKV1D-39,4,0,2,-3
IGKV1D-33,4,0,2,-3
PRKCI,2,0,3,1
ZMYM2,4,0,1,-2
AMP,3,1,1,-3
CLK2,3,0,2,-3
SYK,6,3,4,1
CCNB1,0,0,1,-3
YWHAH,1,2,4,-3
FGFR1,3,0,1,1
FGFR2,3,3,2,1
NBN,0,9,5,-1
BLM,1,1,0,-1
PDPK1,8,1,2,-2
CaMK2,1,0,0,-3
PIM2,2,1,1,-3
RGS13,1,0,0,-3
CDK9,4,4,1,-3
FGF17,3,0,5,-3
FGF18,3,0,4,-3
FGF19,3,0,2,1
FGF16,3,0,4,-3
FGF10,3,0,3,-2
L3MBTL1,0,0,2,-3
IGLV6-57,4,0,2,-3
SKP2,4,1,0,-3
IGHV2-70,4,0,2,-3
FGF20,3,0,5,-3
FGF23,4,0,5,-2
FGF22,3,0,3,-3
IGF1R,1,0,2,1
LCK,18,3,12,1
CCL11,0,0,2,-3
FBXW7,5,4,0,-1
MAPKAP1,3,0,1,-2
DOK1,1,0,1,-3
MAP3K7,0,3,1,-2
CD4,4,0,3,-3
MAP3K5,0,3,0,-3
BTK,5,0,5,1
DYRK4,0,0,2,-3
CDC25A,0,1,0,-3
FYN,18,3,10,1
CHEK2,3,6,1,-1
AURKA,5,6,1,1
MAPK10,4,1,3,-3
EPGN,3,0,1,-3
NRAS,10,0,0,1
NEK3,1,0,1,-3
TRAF6,2,2,1,-3
PRKCB,7,3,8,-3
RFC2,0,6,0,-3
RFC3,0,6,0,-3
RFC4,0,6,0,-3
RFC5,0,6,0,-3
PTEN,1,5,0,-1
MAP3K11,0,1,1,-3
GSK3A,2,5,1,-3
CDC42,2,0,1,1
E2F1,0,2,2,-3
CAMK1,3,0,0,-3
CAMK4,1,0,1,-3
CNGA1,0,0,2,-3
STK3,1,3,2,-3
CNGA3,0,0,2,-3
HIPK2,1,5,1,-3
CSNK1A1,3,3,9,-3
CNGB1,0,0,2,-3
CNGB3,0,0,2,-3
ALMS1,1,0,0,-3
PAK2,4,0,3,-3
PAK3,2,0,0,-2
CDK6,5,3,2,1
PTK2,5,0,2,-3
TRAC,5,0,3,-3
MTOR,7,1,5,1
NRG2,2,0,4,-3
NRG3,2,0,4,-3
NRG4,2,0,4,-3
YWHAQ,3,1,2,-3
BRD4,0,0,1,1
RIPK3,0,1,0,-3
CSF2,4,0,2,-3
MAPK14,16,5,7,-3
STK16,1,0,2,-3
TCF4,5,0,0,-3
IGHE,5,1,1,-3
RAPGEF1,1,0,0,-3
FCER1A,2,0,2,-3
NEK6,2,0,3,-3
FCER1G,4,0,2,-3
WEE1,0,0,1,-3
IGKC,4,0,2,-3
NGF,3,1,4,-3
STUB1,0,1,0,-3
MAPK8,6,8,12,-3
MAPK9,5,3,3,-3
RALA,1,1,0,-3
RALB,1,0,0,-3
ZC3HAV1,4,0,0,-3
MAP2K2,5,0,2,1
IGLV3-27,4,0,2,-3
IGLV3-21,4,0,2,-3
IGLV3-25,4,0,2,-3
BDNF,5,0,4,-3
IGLV3-19,4,0,2,-3
PTPN11,20,11,15,1
TP53,3,2,2,-1
AMOTL2,0,2,0,-3
AMOTL1,0,2,0,-3
IL10RB,1,0,1,-3
TNFRSF1A,0,1,1,-3
AKAP5,0,1,0,-3
EREG,4,0,3,-3
MELK,1,2,1,-3
PPP2CB,1,9,0,-3
PPP2CA,5,9,1,-3
TRBV12-3,2,0,0,-3
EP300,11,3,3,-1
MAP3K8,6,2,0,-3
RNF8,0,3,2,-3
NCAM1,1,0,0,-3
BECN1,2,0,0,-3
CDK8,1,1,0,1
GNAO1,1,0,3,-3
PPM1A,2,0,0,-3
IRS1,3,1,3,1
MS4A2,2,0,2,-3
PRKAR1A,0,0,1,-2
PIK3R1,16,2,7,-1
MAPKAPK5,0,3,4,-3
USP7,1,0,0,-3
RIPK1,0,0,2,-3
PIK3R6,6,1,1,-3
NR4A1,1,0,0,-3
PPP1R8,1,0,0,-3
IFNAR1,1,0,0,-3
TYK2,5,1,1,1
IFNAR2,1,0,0,-3
TGFBR1,1,1,0,-1
BRAF,6,0,0,1
IL2,8,0,2,-2
LCP2,7,0,1,-3
FLNA,0,0,2,-3
DDR2,1,1,0,1
ZAP70,3,1,4,-3
RHOA,1,1,2,1
CDK16,0,1,0,-3
CDK14,1,0,0,-3
EGFR,15,4,9,1
EPO,3,0,3,-3
FGFR1OP,4,0,1,-2
CHK2,0,3,0,-3
PLCG1,13,0,6,1
STK11,1,3,2,-1
GNAI1,1,0,3,-3
GNAI2,2,0,6,-3
LRP8,0,0,1,-3
GNAI3,1,0,3,-3
DAB1,1,0,0,-3
CHUK,7,4,2,-3
AKT3,5,4,2,1
FOXA1,1,0,0,0
POLA2,1,0,0,-3
IKBKE,2,3,2,1
RAD51,0,0,2,-1
ARRB1,5,0,0,-3
PKB,1,0,1,-3
IGHV3-53,4,0,2,-3
IGHV3-48,4,0,2,-3
IGHV3-30,4,0,2,-3
IGHV3-33,4,0,2,-3
YES1,11,1,5,1
IGHV3-23,4,0,2,-3
IGHV3-13,4,0,2,-3
IGHV3-11,4,0,2,-3
SOS1,11,1,2,1
NEDD4,1,0,0,-3
BMPR1B,0,1,0,-3
STK38,1,1,1,-3
HLA-DRA,4,0,3,-3
MARK3,4,2,0,-3
RIPK2,0,1,0,-3
PRKDC,2,4,1,-2
FGF8,3,0,5,-3
FGF9,3,0,5,-3
FGF4,3,0,5,1
FGF5,3,0,4,-3
FGF6,3,0,4,-2
FGF7,3,0,2,-3
FGF1,3,0,5,-3
FGF2,3,0,7,-3
FGF3,3,0,3,1
CENPJ,1,0,0,-3
CDKN1A,0,3,0,-1
TTK,1,2,1,-3
MET,4,2,5,1
IL1B,2,0,0,-3
ERBB2,5,1,3,1
GPNMB,0,0,1,-3
VRK1,1,1,0,-3
VRK2,0,1,0,-3
MDM2,5,3,1,1
IL12RB1,3,1,0,-3
CIP2A,1,0,0,-3
PRKCG,3,2,0,-3
PDGFR,1,0,0,-3
PAPSS1,4,0,0,-3
PIM1,6,1,1,-2
PAG1,2,1,3,-2
PAK4,2,0,1,-3
ARHGEF7,2,0,1,-3
STRADA,0,4,0,-3
FBXW11,0,1,0,-3
MAPK11,6,3,3,-3
BCR,4,0,1,1
CXCL11,0,0,2,-3
CXCL10,0,0,2,-3
CHAF1A,0,1,1,-3
SRPK2,1,1,1,-3
ITCH,0,1,0,-3
GAB1,10,0,4,1
TRBC1,5,0,3,-3
CBL,7,2,0,-1
CXCL13,0,0,2,-3
PRKACB,2,0,1,-3
TUBA4A,2,1,0,-3
PRKACG,2,0,0,-3
IKBKB,5,3,3,-2
FGR,3,1,2,-3
EIF4EBP1,0,1,1,-3
IGKV2D-40,4,0,2,-3
IGKV2D-30,4,0,2,-3
PIK3CA,9,1,1,1
PIK3CB,6,0,1,1
IGKV2D-28,4,0,2,-3
PIK3CG,6,0,1,1
SHC1,18,2,6,-3
CTBP1,0,0,1,-3
IKBKG,0,4,0,-3
WWP2,1,0,0,-3
CSNK1G2,2,1,1,-3
RIF1,0,1,0,-3
CD247,8,0,3,-3
SIRT1,1,0,0,-3
CALM2,2,3,0,-3
PAK5,1,0,1,1
PRKAB2,1,2,0,-3
CSF2RA,4,0,0,-3
CSF2RB,4,0,0,-3
MAPK7,1,0,0,-3
HIST3H2BB,0,2,2,-3
PRKAG2,1,2,0,-3
CSNK2A2,2,3,4,-3
HCK,5,1,5,-3
RNF4,1,1,0,-3
SMO,1,0,0,1
IGLV3-1,4,0,2,-3
NTRK2,5,0,3,1
NTRK3,4,0,3,1
FRS2,5,0,1,-2
SH2D1A,1,0,0,-1
KPNB1,1,0,1,-3
TUBA1A,1,0,0,-3
RPS6KA1,10,5,1,-3
KITLG,7,0,2,-3
NCK2,2,0,1,-3
LAT2,2,0,1,-3
LARP1,1,0,0,-3
HBEGF,5,0,4,-3
MAP1LC3B,0,0,1,-3
TAF8,1,0,0,-3
PDGFB,9,0,6,1
PDGFRB,9,0,9,1
CSNK1E,2,5,3,-3
CLK1,1,1,0,-3
DYNLL1,2,0,0,-3
FANCL,0,1,0,-1
RPA1,0,6,0,-3
RPA3,0,3,0,-3
FANCG,0,1,0,-2
RPA2,0,6,0,-3
FANCC,0,1,0,-1
FANCE,0,1,0,-2
FANCF,0,1,0,-2
FANCA,0,1,0,-1
FANCB,0,1,0,-3
SMPD1,0,0,1,-3
SMPD2,0,0,1,-3
SMPD3,0,0,1,-3
CSK,6,8,17,-3
PRRT2,0,1,2,-3
UBE2V2,0,2,2,-3
ERC1,0,1,0,-2
IQGAP1,5,0,1,-3
TNK2,2,0,1,-3
NTN1,4,0,0,-3
IFNA21,1,0,0,-3
IFNA17,1,0,0,-3
IFNA14,1,0,0,-3
IFNA16,1,0,0,-3
SQSTM1,0,2,0,-3
IFNA10,1,0,0,-3
MYB,1,0,1,-2
IGHV1-46,4,0,2,-3
IGHV1-69,4,0,2,-3
HSPA1B,2,0,0,-3
HSPA1A,2,0,0,-3
FLT1,0,0,2,1
SEMA3A,1,0,0,-3
TOP3A,1,2,0,-3
HLA-DRB1,4,0,3,-3
TUBB,1,0,0,-3
RXRA,0,1,0,-2
FCGR1A,4,0,1,-3
FCGR2A,4,0,1,-3
TNF,0,1,1,-3
FCGR3A,5,0,1,-3
GTF2H1,4,0,0,-3
HDAC1,2,2,0,1
APBB1IP,4,0,0,-3
PIAS4,0,2,2,-3
NRP1,2,0,0,-3
ORAI1,0,0,2,-3
TLN1,4,0,0,-3
TREM2,5,0,1,-3
EPHB2,3,0,4,-3
GRB7,1,1,3,-3
FZD2,1,0,2,-3
ATRIP,0,6,0,-3
MTMR14,1,0,0,-3
RACK1,1,0,1,-3
ROCK2,2,2,1,-3
TBK1,4,1,3,-3
TRIM24,6,1,1,-2
STK4,2,3,0,-3
ADAM17,2,0,0,-3
BMPR2,0,0,2,-3
PBK,1,0,0,-3
SFN,1,3,3,-3
SH3BP2,0,0,2,-3
UBE2T,0,1,0,-3
AGO2,0,1,0,-2
BARD1,0,3,0,-1
SOCS3,2,6,2,-1
SOCS1,3,6,0,-1
IGHG2,4,0,1,-3
IGHG3,4,0,1,-3
IGHG4,4,0,1,-3
IGHG1,4,0,1,-3
ROCK1,2,1,0,-3
YWHAE,6,4,3,-2
WNK1,1,0,2,-3
Mnk1,1,0,0,-3
Mnk2,1,0,0,-3
BCAR1,0,1,0,-3
PRRC2C,0,0,1,-3
KDR,6,0,2,1
MDC1,1,3,4,-2
WRN,1,1,0,-2
TPX2,1,1,0,-3
RPS6KA5,5,1,1,-3
CD44,1,1,1,-3
LATS1,0,6,1,-1
TRAV29DV5,2,0,0,-3
PKD1,0,1,0,-3
YWHAZ,7,2,5,-3
IL5RA,3,0,0,-3
MAPK15,1,0,1,-3
H2AFZ,0,0,1,-3
TRAV8-4,2,0,0,-3
PPP2R1A,4,8,0,-1
PPP2R1B,1,9,0,-3
CAV1,1,0,0,-3
GRK5,1,1,1,-3
PPP2R5D,1,7,0,-3
IGHV3-7,4,0,2,-3
IGHV3-9,4,0,2,-3
KEAP1,0,1,1,-1
KIRREL1,1,0,0,-3
IGKV1-12,4,0,2,-3
IGKV1-17,4,0,2,-3
IGKV1-16,4,0,2,-3
IGLC6,4,0,2,-3
IGLC7,4,0,2,-3
IGLC1,4,0,2,-3
IGKV1-33,4,0,2,-3
IGLC2,4,0,2,-3
IGLC3,4,0,2,-3
IGKV1-39,4,0,2,-3
CCNA2,3,2,1,-3
CCNA1,2,1,1,-3
HIPK4,0,0,2,-3
NEUROD1,1,0,0,-3
RAD17,0,6,1,-3
CBLB,1,0,1,-2
MST1,1,0,0,-1
SUMO1,0,3,2,-3
PLK4,1,0,0,-3
PLK2,1,1,0,-2
IL3RA,3,0,0,-3
RAD9A,0,6,0,-3
PTK6,8,0,3,-2
APC,0,1,1,-1
HLA-A,2,0,1,-1
HLA-E,5,0,1,-3
CCNT1,2,1,0,-3
PCAF,0,0,2,-3
PRKAR2B,1,0,0,-3
SMAD3,1,2,1,-1
IGHM,2,0,0,-3
IGHD,2,0,0,-3
TENT4A,4,0,0,-3
TP53BP2,0,1,0,-3
ABRAXAS1,0,2,1,-3
AXIN1,3,4,1,-1
ERBB3,2,0,3,1
JAK1,9,2,4,0
NOS2,2,0,0,-3
VEGFA,4,0,3,1
TDGF1P3,0,2,0,-3
IGHV4-39,4,0,2,-3
IGHV4-34,4,0,2,-3
PTPRC,1,0,1,-2
CISH,1,2,1,-3
JAK3,8,1,1,1
NCOA1,0,1,0,-2
NCOA2,1,0,0,-2
NCOA3,1,0,0,1
ESR2,3,0,1,-3
IGHV4-59,4,0,2,-3
BIRC3,0,0,1,-2
PPP2R2A,1,0,0,-2
IRS2,5,0,3,1
CCNE1,2,1,2,1
KAT5,0,6,3,-3
IL4R,3,1,0,-3
CSNK1G1,1,1,2,-3
IGLV1-51,4,0,2,-3
IGLV1-40,4,0,2,-3
IGLV1-44,4,0,2,-3
IGLV1-47,4,0,2,-3
IRAK4,1,0,1,-3
MAPKAPK2,4,2,1,-3
TLR9,1,0,1,-3
MRE11,0,8,3,-3
CBLL1,0,3,2,-3
RAD1,0,6,0,-3
HIST1H3A,0,0,2,-2
ARF6,0,0,2,-3
SNAI1,1,0,0,-3
KRAS,9,0,1,1
PDGFA,4,0,2,-3
IL7,2,0,1,-3
EFNB1,4,0,4,-3
EFNB2,2,0,1,-3
EFNB3,2,0,1,-3
MAST2,0,0,1,-3
MOB1A,0,2,0,-3
MOB1B,0,2,0,-3
IL4,3,3,0,-3
SRPK1,1,0,1,-3
CALM3,0,3,0,-3
TUBB4A,1,0,0,-3
TUBB4B,1,0,0,-3
HIST2H2BE,0,2,2,-3
SH3BGRL3,1,0,1,-3
NOC2L,1,0,0,-3
MAP3K14,0,1,2,1
ARF1,1,1,2,-3
PTPN6,6,9,4,-2
PPARG,0,2,0,1
IGKV1-5,4,0,2,-3
PLK3,2,4,1,-3
ETV4,1,0,0,1
PML,1,3,0,-2
SGK3,0,1,0,-3
DNA2,0,2,0,-3
TGFA,3,0,1,-3
MAP4K4,0,0,1,-3
IGHV2-5,4,0,2,-3
TYROBP,5,0,1,-3
VLDLR,1,0,0,-3
IGKV3-15,4,0,2,-3
IGKV3-11,4,0,2,-3
IGKV3-20,4,0,2,-3
CD79A,2,0,0,1
CD79B,2,1,0,1
SLC9A3R1,1,0,1,-3
IGHV1-2,4,0,2,-3
HGS,0,1,0,-3
PXN,3,2,0,-3
PLCG2,2,0,1,1
DLG1,0,0,4,-3
NEDD4L,1,0,0,-3
NCL,1,1,0,-3
NEDD1,1,0,0,-3
STAT1,1,1,3,-2
BAX,0,2,0,-2
PRR5,3,0,1,-3
RET,5,0,1,1
WNT5A,0,0,2,-3
IGKV4-1,4,0,2,-3
MAPK6,1,0,0,-3
EZR,1,0,0,-2
MAP4K2,0,0,1,-3
RHNO1,0,2,0,-3
IGKV5-2,4,0,2,-3
ERRFI1,0,0,1,-1
ITGB1,0,2,1,-3
CLASP1,1,0,0,-3
PTPRE,0,1,0,-3
AIP,1,0,0,-3
TEC,2,0,0,-2
TESK2,0,1,1,-3
VWF,4,0,0,-3
CD40LG,1,1,1,-3
MAPK13,0,3,0,-3
AGGF1,4,0,0,-3
CDK5R1,1,1,1,-3
PF4,0,0,2,-3
CAMKK1,1,0,0,-3
NPM1,1,0,0,-1
NCK1,4,1,2,-3
RB1,0,5,0,-1
VCL,4,0,0,-3
INCENP,1,0,0,-3
NEK9,0,1,0,-3
BAG4,2,0,1,-3
SHC3,1,0,1,-3
STK38L,0,1,0,-3
PITPNA,2,0,0,-3
PTPN14,0,1,0,-3
ITGB3,5,1,1,-3
TRBV7-9,2,0,0,-3
MATK,1,3,2,-3
CDK3,4,1,0,-3
KLB,3,0,2,-3
GAB2,6,1,1,1
SMARCA4,2,0,0,-1
AR,1,1,1,1
TIPIN,0,1,0,-3
IGKV3D-20,4,0,2,-3
IFNGR1,1,0,3,-1
DYRK1B,1,4,4,-3
EXO1,0,2,0,-3
IL2RA,8,0,0,-3
IL2RG,8,1,1,-3
CAMKK2,0,0,1,-3
CBFB,0,2,0,-1
EPHB3,1,0,0,-3
PDK1,3,0,0,-2
PXK,1,0,0,-3
PRKX,1,0,0,-3
ICK,1,0,0,-2
NUAK1,4,1,2,-3
LIN28B,0,1,0,-3
FZD5,1,0,0,-3
INPP5D,0,1,2,-2
IL23R,2,1,0,-3
IL23A,2,1,0,-3
MEIS1,1,0,0,-3
ADRBK1,0,1,0,-3
IFNG,2,0,4,-3
PRMT6,0,0,1,-3
QKI,4,0,0,-2
EIF4ENIF1,1,0,0,-3
BID,0,1,0,-3
TSC2,0,1,0,-1
TSC1,1,0,0,-1
SPOP,0,2,0,-1
SSRP1,0,1,0,-3
RAD9B,0,2,0,-3
IL12B,3,1,0,-3
DVL1,2,0,0,-3
DVL2,2,0,0,-3
DVL3,2,0,0,-3
MCL1,0,2,0,1
EFNA1,4,0,0,-3
ITK,4,0,0,-2
CARM1,1,0,2,-2
CRADD,0,0,1,-3
BRCA1,0,4,1,-1
NFKB1,0,0,2,-3
SPTB,1,0,0,-3
CXCL9,0,0,2,-3
IKKB,1,2,0,-3
PIK3C2A,4,1,1,-3
PPP1CA,1,0,1,-3
NODAL,0,2,0,-3
TAF1,4,0,0,-2
SHH,1,0,0,-3
CTNND1,1,1,0,-3
CTNNA1,1,3,0,-2
BCL2,1,0,0,1
ARTN,1,0,0,-3
CDC37,2,1,2,-3
CASP8,0,0,1,-1
GRB10,1,0,1,-3
RPS6KB2,0,2,0,1
NLK,4,0,2,-3
SLC24A2,0,0,2,-3
RRN3,1,0,0,-3
HTR2A,0,0,1,-3
AMOT,0,2,0,-3
BLNK,2,0,0,-3
HLA-DQB1,2,0,0,-3
HLA-DQB2,2,0,0,-3
TXK,2,0,0,-3
HLA-DQA1,2,0,0,-3
HLA-DQA2,2,0,0,-3
S1PR2,0,0,2,-2
SPTBN4,1,0,0,-3
HRAS,9,0,1,1
AKAP12,0,0,1,-3
MEMO1,1,0,0,-3
BABAM1,0,2,1,-2
BABAM2,0,2,1,-3
GAD1,1,0,0,-3
STK24,1,0,0,-3
MPRIP,4,0,0,-3
CCNB2,0,0,1,-3
HLA-DRB3,2,0,0,-3
HLA-DRB4,2,0,0,-3
HLA-DRB5,2,0,0,-3
IL18R1,1,0,0,-3
MYC,1,0,1,1
SIK1,0,1,0,-3
EHMT2,1,0,3,-3
TRAF2,0,1,2,-2
HDAC2,1,0,1,-3
NOD1,0,1,0,-2
NOD2,0,1,0,-3
IL17RD,2,0,0,-3
KIS,0,1,0,-3
DOK2,1,0,0,-3
IL6ST,1,1,0,-2
PTPN12,1,1,1,-3
SKP1,1,0,0,-3
PIM3,1,0,0,-3
KL,3,0,2,-3
OPRD1,1,0,0,-3
PTPN13,0,2,3,-2
EPAS1,0,0,1,-2
PLAUR,1,0,0,-3
DAPK3,2,2,0,-3
VRK3,2,0,1,-3
IL2RB,6,0,0,-3
RPS6KA4,3,1,0,1
HLA-DPA1,2,0,0,-3
HLA-DPB1,2,0,0,-3
ALK,2,0,0,1
TGFB1,0,0,2,-3
IRF3,0,0,1,-3
FER,3,1,0,-3
FLT3,1,0,1,1
PTPN5,1,0,0,-3
HIF1A,1,0,0,1
CAMK1G,1,0,0,-3
PLXNA1,1,0,0,-3
PLXNA2,1,0,0,-3
PLXNA3,1,0,0,-3
PLXNA4,1,0,0,-3
STAT5A,2,0,3,1
ERBB4,3,0,4,1
MNAT1,2,0,1,-3
S1PR3,1,0,3,-3
BCL2L1,0,1,0,-2
DCC,4,0,0,-3
SHC2,1,0,0,-3
ITGAV,1,0,3,-3
TRPV6,0,0,2,-3
PIK3C3,1,0,2,-2
PTPN7,0,0,2,-3
CNTRL,3,0,1,-2
DUSP16,0,2,0,-3
DUSP10,0,2,0,-3
KDM1A,0,1,0,-3
TCF20,1,0,0,-3
AKAP13,1,0,0,-3
CCND3,1,1,0,1
LAT,6,0,1,-3
CUX1,4,0,1,-1
IGKV2-30,4,0,2,-3
IGKV2-29,4,0,2,-3
IGKV2-28,4,0,2,-3
TRPC3,0,0,2,-3
TRPC6,0,0,2,-3
CK1,3,3,2,-3
FGA,4,0,0,-3
FGB,4,0,0,-3
FGG,4,0,0,-3
KPNA1,2,1,2,-3
PRL,4,0,0,-3
BRIP1,0,2,0,-1
WDHD1,0,0,1,-3
MAPRE1,1,0,1,-3
AGK,4,0,0,-3
RPS6KA2,2,1,1,-3
PTP4A3,0,0,2,-3
IL3,3,0,0,1
IL5,3,0,0,-3
ACVR1B,0,2,0,-2
STRAP,2,0,0,-3
IL1RAP,1,0,1,-3
RAD52,1,0,0,-2
SYNJ1,1,0,0,-3
SYNJ2,1,0,0,-3
PTPN22,0,1,0,-3
LRRFIP1,2,0,1,-3
RAN,0,1,1,-3
STAT3,2,1,2,1
KIT,6,0,2,1
PDE6D,0,1,0,-3
PRKAB1,1,2,0,-3
PRKAG1,1,2,0,-3
PRKAG3,1,2,0,-3
ACVR1,0,0,1,1
LEP,5,0,0,-3
MARK2,0,1,0,-3
PPP1CB,0,0,1,-2
EHMT1,1,0,0,-3
CTDSP1,1,1,0,-3
CTDSP2,1,1,0,-3
CTDSPL,1,1,0,-3
PKM,2,0,1,-3
MOS,1,0,0,-3
FADD,0,0,2,-3
PRMT8,0,0,1,-3
CD101,0,1,0,-3
NSD2,0,2,2,-3
TUBB2B,0,0,1,-3
FXR1,4,0,0,-3
FNIP2,0,0,1,-3
TNIK,0,1,1,-3
NRK,0,0,1,-3
PPP2R3B,0,1,0,-3
PELP1,4,0,0,-3
PRMT5,1,0,1,-3
ROS1,1,0,0,1
PAFAH1B1,1,0,0,-3
HUS1,0,6,0,-3
DIAPH1,2,2,0,-3
KIAA1549,4,0,0,-3
CDKN1B,1,1,0,-1
CDKN1C,1,0,0,-3
U2AF1,1,0,0,1
TRADD,0,0,2,-3
IFNGR2,1,0,1,-3
AFDN,1,1,0,-2
HIPK1,1,2,0,-3
CASP3,0,0,1,-3
DYRK1A,1,2,2,-3
FGFR3,5,2,1,1
IKKA,0,2,0,-3
PIK3R2,3,1,3,-1
PIK3R3,3,0,1,-1
PIK3R4,1,0,1,-3
PIK3R5,1,0,1,-3
PDE4DIP,1,0,0,-2
PDGFRA,3,0,1,1
PTPN2,3,10,0,-1
MAP4K5,0,1,1,-3
TFB1M,1,0,0,-3
AURKC,0,1,0,-3
RAP1A,4,0,1,-3
RAP1B,4,0,1,-3
PPP2R5A,1,6,0,-3
SHB,2,0,2,-3
TUBG1,1,0,0,-3
HIST1H4C,0,2,2,-3
AP3B1,4,0,0,-3
PIK3CD,2,0,1,1
RAE1,0,1,0,-3
HGF,4,0,3,1
CEP70,1,0,0,-3
CEP72,1,0,0,-3
CEP76,1,0,0,-3
CEP78,1,0,0,-3
TNS2,0,0,1,-3
CEP57,1,0,0,-3
CEP63,1,0,0,-3
CEP41,1,0,0,-3
FES,1,1,0,-2
PPARGC1A,1,1,0,-3
SIK2,1,0,0,-3
SIGIRR,1,0,0,-3
CDH2,0,0,1,-3
NUAK2,1,0,0,-3
EBI3,2,0,0,-3
EPHB4,1,0,0,-2
BRSK2,0,0,1,-3
MAP4K1,1,0,1,-3
BCL10,1,0,0,-1
AXL,1,0,1,1
SIN3A,1,0,1,-3
EPHA2,4,0,0,-3
NEK8,1,0,0,-3
TFAP2B,0,2,0,-3
NECTIN3,1,0,0,-3
ULK1,0,0,1,-3
ATG7,4,0,0,-3
TNFSF10,0,0,3,-3
MAP3K1,2,2,0,-1
MAP3K3,0,1,0,-3
MAP3K2,0,1,0,-3
SAV1,0,2,0,-3
CAMK2,1,0,0,-3
EPHA3,1,0,0,-1
IL20RA,2,0,0,-3
IL20RB,2,0,0,-3
CD22,0,1,2,-2
ACVR1C,0,2,0,-3
ACVR2B,0,2,1,-3
ACVR2A,0,2,1,-2
CASR,1,0,0,-3
WNT1,1,0,0,-3
UIMC1,0,2,1,-3
VAV2,4,1,0,1
GP6,1,0,0,-3
FOXO1,0,1,0,-1
BCL3,0,0,1,-2
FAM114A2,4,0,0,-3
EPHA4,1,0,0,-3
EPOR,4,0,1,1
PPP5C,1,1,1,-3
KPNA2,0,0,1,-3
ITGB4,1,0,0,-3
SMYD2,1,0,1,-3
GCKR,0,1,0,-3
CCND1,2,1,0,1
IGF2,2,0,0,1
IGF1,2,0,2,1
SND1,4,0,0,-2
SPP1,0,0,1,-3
RAG1,0,1,0,-3
PPP1CC,0,0,1,-3
UHMK1,1,1,0,-3
BCL2L11,4,0,1,-1
CPSF6,2,0,1,-3
CRKL,1,0,3,1
KPNA3,0,1,0,-3
TRAV19,2,0,0,-3
BRCC3,0,2,1,-3
SIRPA,1,0,0,-3
CBLC,1,0,0,-2
YSK4,0,1,0,-3
TDGF1,2,2,3,-3
PRPF4B,0,0,1,-3
UBE2N,0,3,2,-3
IL27RA,2,0,0,-3
RHEB,2,0,1,1
PIP5K1C,2,0,1,-3
S1PR1,2,0,5,-3
STING1,0,0,1,-3
ATF4,2,0,2,-3
MTA1,0,0,1,-3
MTA3,0,0,1,-3
MPIG6B,0,1,0,-3
NFKB2,1,1,0,-2
KPNA5,2,0,0,-3
NEK11,0,1,0,-3
IKKE,1,1,1,-3
IL15RA,1,0,1,-3
TBP,1,0,0,-3
CXCL12,4,0,0,-3
SGK2,0,0,1,-3
PPP2R2B,3,0,0,-3
CETN2,1,0,0,-3
CEP250,1,0,0,-3
COP1,0,1,0,-3
CPNE3,1,0,0,-3
CLSPN,0,2,0,-3
UBE2V1,0,1,0,-3
AGTRAP,4,0,0,-3
NRBP2,0,0,1,-3
NDE1,1,0,0,-3
ELOC,0,1,0,-3
GDF1,0,2,0,-3
SPTA1,1,0,0,-3
STAT2,1,0,0,-2
ADORA2A,1,0,1,-3
EDNRA,1,0,0,-3
DAAM1,1,0,0,-3
CSNK1G3,0,1,1,-3
PRLR,4,0,0,-3
GABARAP,0,0,1,-3
SH2B2,2,0,1,-3
UBE4B,0,1,0,-3
EDN1,1,0,0,-3
LAMP1,0,1,0,-3
STRN,3,0,1,-2
GNAS,1,1,2,1
GNAL,1,0,0,-3
EFNA5,2,0,0,-3
EFNA3,1,0,0,-3
RBBP7,0,1,0,-3
AREG,3,0,1,-3
IL12A,3,0,0,-3
NINL,1,0,0,-3
NOXA1,0,0,1,-3
ADCYAP1R1,1,0,1,-3
RBBP8,0,2,0,-3
SUFU,0,2,2,-1
SMAD7,2,0,1,-3
SMAD4,2,2,4,-1
TLE3,1,0,0,-2
TYRO3,0,1,0,-2
POLR2A,0,0,3,-3
MRE11A,0,1,0,-1
TIMELESS,0,1,0,-3
SETD7,1,1,0,-2
WNT3A,2,0,0,-3
CBX5,0,0,4,-3
RMI2,0,2,0,-2
RMI1,0,2,0,-3
GSG2,0,0,1,-3
LAMA1,1,0,0,-3
MYH11,0,1,0,-2
LAMC2,1,0,0,-3
LAMB1,1,0,0,-3
ATP2A2,0,1,0,-3
LEPR,5,0,0,-3
ANGPT2,2,0,0,-3
SDC4,0,0,2,-2
SSNA1,1,0,0,-3
F11R,0,0,2,-3
SCAI,0,0,1,-3
IL10RA,1,0,0,-3
HMOX1,0,1,0,-3
PAK6,2,0,1,-3
NCOR1,0,1,0,-1
CCNK,1,1,0,-3
CCNC,1,1,0,-3
PTPRA,1,1,1,-3
TEK,2,0,0,-2
MAGED1,0,1,0,-2
ERLIN2,2,0,1,-3
CCNG1,0,1,0,-3
VHL,0,1,0,-1
PTPRJ,1,3,1,-3
ITGA4,0,0,1,-3
A1BG,1,0,0,-3
VCAM1,0,0,1,-3
PRPK,0,1,0,-3
PKN2,1,0,0,-3
PIKFYVE,1,0,0,-3
SH2D2A,2,0,2,-3
CCND2,1,0,0,1
CCNE2,3,0,0,-3
NKIRAS1,1,0,0,-3
NKIRAS2,1,0,0,-3
RELN,1,0,1,-2
KPNA7,0,0,1,-3
ITGA2B,4,0,0,-3
HAUS8,1,0,0,-3
MAP3K20,0,1,0,-3
MAP2K7,0,1,0,-3
DCTN1,1,0,0,-2
FCGR2B,0,0,1,-2
MYD88,1,0,1,1
TSSK4,1,0,0,-3
VAV3,3,0,0,-3
PTPN18,0,1,0,-3
ITGA9,1,0,0,-3
ITGAM,1,0,0,-3
MST1R,1,0,0,1
DNMT1,0,1,0,1
MAP3K21,1,0,0,-3
MAP3K10,1,1,0,-3
CSH1,3,0,0,-3
CFC1,0,2,0,-3
LARP1B,1,0,0,-3
NKX3-1,0,0,1,-1
PI4KB,1,0,0,-3
GNGT1,1,0,1,-3
GNGT2,1,0,1,-3
INHBA,0,2,0,0
INHBB,0,2,0,-3
DEPTOR,0,0,1,-3
IL22RA1,1,0,0,-3
TAB2,0,1,0,-3
GNG10,1,0,1,-3
GNG12,1,0,1,-3
GNG11,1,0,1,-3
GNG13,1,0,1,-3
GDNF,2,0,0,-3
MTMR1,1,0,0,-3
MAGI2,0,2,2,-3
MTMR9,1,0,0,-3
MTMR2,1,0,0,-3
MTMR3,1,0,0,-3
MTMR6,1,0,0,-3
MTMR8,1,0,0,-3
RUNX3,0,1,0,-3
ODF2,1,0,0,-3
GLS2,0,1,0,-3
BSG,0,0,2,-3
PPP2R5C,1,7,0,-3
SIAH2,1,0,0,-3
OFD1,1,0,0,-3
TAF3,1,0,0,-3
FRK,1,2,1,-3
CKAP5,1,0,0,-3
SFI1,1,0,0,-3
DDX5,2,0,0,-2
EGLN1,0,1,0,-3
CDK11B,0,1,0,-3
KDM7A,4,0,0,-3
PALLD,1,0,0,-3
RPS6KA6,1,1,0,-3
H2AX,0,1,1,-3
PNCK,1,0,0,-3
CDKN2A,0,2,0,-1
BMP2,0,0,1,-3
HDAC3,1,1,0,-3
ARNT,1,0,0,-2
TRAK1,4,0,0,-3
SLC9A3R2,1,0,0,-3
PPP2R5B,1,5,0,-3
PPP2R5E,1,5,0,-3
FKBP1A,3,0,0,-3
GH2,6,1,0,-3
GH1,6,1,0,-3
GHR,5,1,0,-3
CD40,1,1,1,-3
MTM1,1,0,0,-3
CENPS,0,1,0,-3
CENPX,0,1,0,-3
IL20,1,0,0,-3
RARA,1,0,0,-2
CDKN3,1,0,0,-3
RARB,1,0,0,-3
RARG,1,1,0,-3
FZD1,1,0,0,-3
S1PR4,0,0,2,-3
CLK4,1,0,0,-3
STT3A,1,0,0,-3
IL1RL1,1,0,1,-3
STYK1,0,0,1,-3
RHEBL1,1,0,0,-3
EPHB6,1,0,0,-3
GINS4,0,0,1,-3
MAP2K3,1,0,0,-3
RNF168,1,2,1,-3
F2R,2,0,0,-3
UBE2M,1,0,0,-3
CTR9,1,0,0,-1
LEF1,2,2,0,-2
FAAP20,0,1,0,-3
FAAP24,0,1,0,-3
GNB5,1,0,1,-3
GNB4,1,0,1,-3
GNB3,1,0,1,-3
GNB2,1,0,1,-3
GNG8,1,0,1,-3
GNG7,1,0,1,-3
GNG5,1,0,1,-3
GNG4,1,0,1,-3
GNG3,1,0,1,-3
CDK19,1,0,0,-3
STAP2,1,0,0,-3
FBXL8,0,1,0,-3
CEP135,1,0,0,-3
CEP131,1,0,0,-3
CEP152,1,0,0,-3
CEP164,1,0,0,-3
CEP192,1,0,0,-3
SDCCAG8,1,0,0,-3
GRB14,3,0,0,-3
CEP290,1,0,0,-3
TNFRSF10A,0,0,1,-3
IL10,1,0,0,-2
ITGA1,0,2,0,-3
FRS3,1,0,0,-3
TAF9,1,0,0,-3
CBX3,0,0,4,-3
CBX1,0,0,4,-3
SPTAN1,2,0,0,-3
DAB2,0,2,0,-3
NUP153,0,0,1,-3
FLT3LG,1,0,2,-3
ING4,1,0,0,-3
ING5,1,0,0,-3
SDC2,1,0,2,-3
CASP7,0,0,1,-3
NPHS2,1,0,0,-3
NPHS1,1,0,0,-3
TAF4B,1,0,0,-3
TAF7L,1,0,0,-3
TAF9B,1,0,0,-3
TAF15,1,0,0,-2
TAF12,1,0,0,-3
TAF13,1,0,0,-3
TAF10,1,0,0,-3
TAF11,1,0,0,-3
TAF1L,1,0,0,-3
FBXL2,1,0,0,-3
DBNL,0,0,1,-3
TNC,1,0,0,-3
MSH6,0,0,1,-1
KSR1,8,1,0,-3
IFNLR1,0,0,1,-3
RIT1,0,0,1,1
IL22,1,0,0,-3
RIT2,0,0,1,-3
BCL11A,1,0,0,-2
TP73,1,0,0,-3
PHLPP1,0,2,1,-3
PKN3,1,0,0,-3
RON,1,0,0,-3
HAUS7,1,0,0,-3
HAUS5,1,0,0,-3
HAUS6,1,0,0,-3
HAUS3,1,0,0,-3
HAUS4,1,0,0,-3
HAUS1,1,0,0,-3
HAUS2,1,0,0,-3
ZFYVE9,0,2,1,-3
PLD2,0,0,2,-3
DOK6,1,0,0,-3
CDC73,1,0,0,-1
IFNA1,1,0,0,-3
IFNA4,1,0,0,-3
IFNA5,1,0,0,-3
IFNA2,1,0,0,-3
IFNA8,1,0,0,-3
IFNA6,1,0,0,-3
IFNA7,1,0,0,-3
IFNB1,1,0,0,-3
ITGB3BP,1,0,0,-3
FZR1,1,0,0,-3
PCM1,1,0,0,-2
PCNT,1,0,0,-3
DYNLL2,1,0,0,-3
CCP110,1,0,0,-3
EPHA5,1,0,0,-2
ERAS,0,1,0,-3
KMT5A,1,0,0,-2
LRP6,2,1,0,1
ATF2,0,0,1,-3
SBF2,1,0,0,-3
PHLPP2,0,2,1,-3
PPM1D,1,0,0,1
FBXO42,1,0,0,-3
THEM4,0,2,1,-3
PIK3AP1,1,0,1,-3
CNKSR2,4,0,0,-3
CNKSR1,4,0,0,-3
DCP1A,0,1,0,-3
CUL1,2,0,0,-3
TEAD4,0,0,1,-3
E2F2,0,0,1,-3
GFRA1,2,0,0,-3
CCNT2,1,1,0,-3
TMEM173,1,0,0,-3
SOX9,1,0,0,0
PARP2,1,0,0,-2
DUSP8,0,2,0,-3
SPTBN5,1,0,0,-3
SPTBN2,1,0,0,-3
SPTBN1,1,0,0,-3
SUB1,1,0,0,-3
C8A,0,1,0,-3
ROBO1,0,0,1,-1
TRAT1,1,0,1,-3
ESRP1,4,0,0,-3
AKAP9,6,0,0,-3
PARVA,0,1,0,-3
RTKN,1,0,0,-3
SUPT16H,0,1,0,-3
TRIM33,0,1,0,-2
FAM131B,4,0,0,-3
ENG,0,0,2,-3
SOCS5,0,1,0,-3
TRKA,1,0,0,-3
GATA1,1,0,0,-2
MAK,0,0,1,-3
XPA,0,0,1,-2
RBP1,0,1,0,-3
KSR2,5,0,0,-2
CDK5RAP2,2,0,0,-3
SCO2,0,1,0,-3
CKS1B,1,0,0,-2
DCTN3,1,0,0,-3
DCTN2,1,0,0,-3
TNFRSF10B,0,0,1,-3
SH2B1,4,0,0,-3
HMMR,1,0,0,-3
CLEC6A,2,0,0,-3
CLEC4E,2,0,0,-3
CCNH,1,0,1,-3
SLIT2,1,0,0,-3
IRAK2,0,1,0,-3
PPP1R13L,1,0,0,-3
PLEKHF1,0,1,0,-3
TAB3,0,1,0,-3
TAB1,0,1,0,-3
NRTN,1,0,0,-3
CSNK1A1L,0,1,0,-3
TRIM32,0,1,0,-3
CABLES1,0,0,1,-3
CUL3,1,1,0,-2
DYNC1I2,1,0,0,-3
DYNC1H1,1,0,0,-3
MADD,0,0,1,-3
THRB,0,1,0,-3
PARD6A,0,1,0,-3
DDB1,0,1,1,-3
GPC1,2,1,3,-3
CRYAB,0,1,0,-3
TAF4,1,0,0,-3
TAF2,1,0,0,-3
TAF7,1,0,0,-3
TAF6,1,0,0,-3
TAF5,1,0,0,-3
VTN,1,0,0,-3
TGFBR3,1,0,0,-3
TP53INP1,0,1,0,-3
SDC1,0,0,2,-3
TERF2,0,0,2,-3
HERC5,1,0,0,-3
PTPRO,0,0,1,-2
PTPRS,0,0,1,-1
HES1,1,0,0,-3
PVR,1,0,0,-3
WNT8B,1,0,0,-3
WNT8A,1,0,0,-3
FRAT2,1,0,0,-3
FRAT1,1,0,0,-3
NFE2L2,0,0,1,1
KLF1,0,1,0,-3
RNF6,1,0,0,-3
CREB3,0,1,0,-3
FASTK,0,0,1,-3
PJA1,1,0,0,-3
SYP,1,0,0,-3
ESPL1,0,0,1,-3
VEGFB,0,0,1,-3
MGME1,0,1,0,-3
CDC25C,0,0,1,-3
PAK7,0,0,1,-3
IL37,1,0,0,-3
ANXA1,1,0,0,-3
NLGN1,0,1,0,-3
IL7R,2,0,0,1
ITGA6,1,0,0,-3
IL27,2,0,0,-3
STMN1,1,0,0,-3
IL15,1,0,1,-3
FOXK2,0,0,1,-3
FOXK1,0,0,1,-3
RCOR1,0,1,0,-3
TBXA2R,0,0,1,-3
PIAS3,1,0,0,-3
PPP1R15A,0,0,1,-3
ICOS,1,0,1,-3
USP9X,0,1,0,-3
MT-CO2,1,0,0,-3
ABI2,0,1,0,-3
CDCA2,0,0,1,-3
IL12RB2,3,0,0,-3
BRMS1L,1,0,0,-3
IPO7,0,0,1,-3
GNAT3,0,0,1,-3
IL13RA1,2,0,0,-3
SMG1,0,1,0,-1
IL33,1,0,1,-3
SCYL3,0,0,1,-3
RHOG,1,0,1,-3
SIN3B,0,1,0,-3
PTN,1,0,0,-3
RAC2,1,0,1,1
Yes,1,0,1,-3
CLEC7A,1,0,0,-3
TFDP1,0,1,0,-3
WDR77,1,0,0,-3
TP53RK,0,1,0,-3
IFNL1,0,0,1,-3
SMAD2,1,1,0,-1
DUSP9,0,2,0,-2
DUSP7,0,2,0,-3
DUSP6,0,2,0,-3
DUSP5,0,2,0,-3
DUSP4,0,2,0,-1
DUSP1,0,2,0,-3
DUSP2,0,2,0,-2
MPC1,0,0,1,-3
BCL9L,0,1,0,-2
IL13,2,0,0,-3
IL19,1,0,0,-3
MTMR4,2,0,0,-3
ADCYAP1,1,0,1,-3
GFRA2,1,0,0,-3
GFRA4,1,0,0,-3
GFRA3,1,0,0,-3
CILP,0,1,0,-3
FBXO31,0,1,0,-2
SF3A1,1,0,0,-3
SLIT1,0,0,1,-3
FBXL17,1,0,0,-3
PTPA,1,0,0,-3
PLAU,1,0,0,-3
PDPK2P,1,0,0,-3
EID1,0,1,0,-3
MYH14,0,1,0,-3
ZBTB17,0,0,1,-3
PPP2R2C,1,0,0,-3
PSPN,1,0,0,-3
MMS19,0,0,1,-3
ACTR1A,1,0,0,-3
ELF1,1,0,0,-3
FOXM1,1,0,0,-3
KAT6A,1,0,0,-2
DNMT3A,0,0,1,-1
BAMBI,0,0,1,-3
