Gene,InteractionType,Output,Location,InteractCode,Sites,SiteStatus,DownGeneLabel,Result,RootGeneLabel,LabelStat,Predicted
MAPK1,phosphorylates,GTF2I,S668;S633;S674;S627,1,"['S668', 'S633', 'S674', 'S627']","[1, 0, 1, 0]",1,"[1, 0, 1, 0]",1,"{1: 2, -1: 0}",1
MAPK1,phosphorylates,FGFR1,S777,1,['S777'],[-1],1,[-1],1,"{1: 0, -1: 1}",-1
MAPK1,phosphorylates,LRP6,S1490;T1572,1,"['S1490', 'T1572']","[1, 1]",1,"[1, 1]",1,"{1: 2, -1: 0}",1
MAPK1,phosphorylates,MAPK3,Y204,1,['Y204'],[1],1,[1],1,"{1: 1, -1: 0}",1
MAPK1,dephosphorylates,MAP2K1,S218;S222,-1,"['S218', 'S222']","[1, 1]",1,"[-1, -1]",1,"{1: 0, -1: 2}",-1
MAPK1,phosphorylates,MAP2K1,T292;T286;T386;S231,1,"['T292', 'T286', 'T386', 'S231']","[-1, -1, 0, 0]",1,"[-1, -1, 0, 0]",1,"{1: 0, -1: 2}",-1
MAPK1,dephosphorylates,MAP2K2,S226;S222,-1,"['S226', 'S222']","[1, 1]",1,"[-1, -1]",1,"{1: 0, -1: 2}",-1
MAPK1,phosphorylates,MCL1,T163,1,['T163'],[1],1,[1],1,"{1: 1, -1: 0}",1
MAPK1,phosphorylates,AR,S516,1,['S516'],[-1],1,[-1],1,"{1: 0, -1: 1}",-1
MAPK1,phosphorylates,PPARG,S112;S84,1,"['S112', 'S84']","[-1, 0]",1,"[-1, 0]",1,"{1: 0, -1: 1}",-1
MAPK1,phosphorylates,HIF1A,S643;S641,1,"['S643', 'S641']","[1, 1]",1,"[1, 1]",1,"{1: 2, -1: 0}",1
MAPK1,phosphorylates,STAT3,S726;S727,1,"['S726', 'S727']","[0, 1]",1,"[0, 1]",1,"{1: 1, -1: 0}",1
MAPK1,phosphorylates,EGFR,T693,1,['T693'],[-1],1,[-1],1,"{1: 0, -1: 1}",-1
MAPK1,phosphorylates,ESR1,S106;S118;S104,1,"['S106', 'S118', 'S104']","[1, 1, 1]",1,"[1, 1, 1]",1,"{1: 3, -1: 0}",1
MAPK1,phosphorylates,CEBPA,S21;T222,1,"['S21', 'T222']","[-1, 0]",-1,"[1, 0]",1,"{1: 1, -1: 0}",1
MAPK1,phosphorylates,PGR,S20;S190;S213;S345;S294;S162;S130,1,"['S20', 'S190', 'S213', 'S345', 'S294', 'S162', 'S130']","[0, 0, 0, 0, -1, 0, 0]",1,"[0, 0, 0, 0, -1, 0, 0]",1,"{1: 0, -1: 1}",-1
MAPK1,phosphorylates,GAB1,T503;S567;S454;T312;S597;S355;S551;T476;S582;S581;S381,1,"['T503', 'S567', 'S454', 'T312', 'S597', 'S355', 'S551', 'T476', 'S582', 'S581', 'S381']","[0, 0, -1, -1, -1, 0, 0, -1, 0, 0, 0]",1,"[0, 0, -1, -1, -1, 0, 0, -1, 0, 0, 0]",1,"{1: 0, -1: 4}",-1
MAPK1,phosphorylates,GAB2,S623,1,['S623'],[1],1,[1],1,"{1: 1, -1: 0}",1
MAPK1,phosphorylates,MYC,T58;S71;S62;S293,1,"['T58', 'S71', 'S62', 'S293']","[-1, 1, 1, 0]",1,"[-1, 1, 1, 0]",1,"{1: 2, -1: 1}",1
MAPK1,phosphorylates,LCK,S42;S59;S194,1,"['S42', 'S59', 'S194']","[-1, -1, 0]",1,"[-1, -1, 0]",1,"{1: 0, -1: 2}",-1
MAPK1,phosphorylates,RPTOR,S863;S8;S696,1,"['S863', 'S8', 'S696']","[1, 0, 1]",1,"[1, 0, 1]",1,"{1: 2, -1: 0}",1
MAPK1,phosphorylates,PAK1,S223;T212;S220;T230,1,"['S223', 'T212', 'S220', 'T230']","[1, 0, 0, 0]",1,"[1, 0, 0, 0]",1,"{1: 1, -1: 0}",1
MAPK1,phosphorylates,STAT5A,S780;S193;S726,1,"['S780', 'S193', 'S726']","[1, 0, 0]",1,"[1, 0, 0]",1,"{1: 1, -1: 0}",1
MAPK1,phosphorylates,XBP1,S181;S68,1,"['S181', 'S68']","[-1, -1]",1,"[-1, -1]",1,"{1: 0, -1: 2}",-1
MAPK1,phosphorylates,CIC,S1409;S1389,1,"['S1409', 'S1389']","[-1, 0]",-1,"[1, 0]",1,"{1: 1, -1: 0}",1
MAPK1,phosphorylates,STK11,S428,1,['S428'],[1],-1,[-1],1,"{1: 0, -1: 1}",-1
MAPK1,phosphorylates,JUN,S63;S73,1,"['S63', 'S73']","[1, 1]",1,"[1, 1]",1,"{1: 2, -1: 0}",1
MAPK1,phosphorylates,ERF,T526;S21;S327;S246;T148;S154;S251;S161,1,"['T526', 'S21', 'S327', 'S246', 'T148', 'S154', 'S251', 'S161']","[-1, 0, 0, 1, 0, 0, 1, 1]",-1,"[1, 0, 0, -1, 0, 0, -1, -1]",1,"{1: 1, -1: 3}",-1
MAPK1,phosphorylates,FBXW7,T205,1,['T205'],[-1],-1,[1],1,"{1: 1, -1: 0}",1
MAPK1,dephosphorylates,MAP2K1,S218;S222,-1,"['S218', 'S222']","[1, 1]",1,"[-1, -1]",1,"{1: 0, -1: 2}",-1
MAPK1,phosphorylates,MAP2K1,T292;T286;T386;S231,1,"['T292', 'T286', 'T386', 'S231']","[-1, -1, 0, 0]",1,"[-1, -1, 0, 0]",1,"{1: 0, -1: 2}",-1
MAPK1,phosphorylates,CDKN1A,T57;S130,1,"['T57', 'S130']","[-1, -1]",-1,"[1, 1]",1,"{1: 2, -1: 0}",1
MAPK1,phosphorylates,CDKN1B,S10;S178;T187,1,"['S10', 'S178', 'T187']","[1, 1, -1]",-1,"[-1, -1, 1]",1,"{1: 1, -1: 2}",-1
MAPK1,phosphorylates,EP300,T1960;S2315;T317;S2279;S2366;T938,1,"['T1960', 'S2315', 'T317', 'S2279', 'S2366', 'T938']","[0, 1, 0, 1, 1, 0]",-1,"[0, -1, 0, -1, -1, 0]",1,"{1: 0, -1: 3}",-1
MAPK1,phosphorylates,SMAD3,S208;S204;S213;T179,1,"['S208', 'S204', 'S213', 'T179']","[-1, -1, -1, -1]",-1,"[1, 1, 1, 1]",1,"{1: 4, -1: 0}",1
MAPK1,phosphorylates,SMAD4,T277,1,['T277'],[1],-1,[-1],1,"{1: 0, -1: 1}",-1
MAPK1,phosphorylates,SMAD2,T8;S245;S255;T220;S250,1,"['T8', 'S245', 'S255', 'T220', 'S250']","[1, 1, 1, 1, 1]",-1,"[-1, -1, -1, -1, -1]",1,"{1: 0, -1: 5}",-1
MAPK1,phosphorylates,RAF1,S43;S259;S289;S301;S642;S296;S29,1,"['S43', 'S259', 'S289', 'S301', 'S642', 'S296', 'S29']","[-1, -1, 1, -1, -1, 1, -1]",1,"[-1, -1, 1, -1, -1, 1, -1]",1,"{1: 2, -1: 5}",-1
MAPK1,phosphorylates,CHEK2,T68,1,['T68'],[1],-1,[-1],1,"{1: 0, -1: 1}",-1
MAPK1,phosphorylates,PARP1,S372;T373,1,"['S372', 'T373']","[1, 1]",-1,"[-1, -1]",1,"{1: 0, -1: 2}",-1
MAPK1,phosphorylates,BCL2L11,S69,1,['S69'],[-1],-1,[1],1,"{1: 1, -1: 0}",1
MAPK1,phosphorylates,CREB1,S133,1,['S133'],[1],1,[1],1,"{1: 1, -1: 0}",1
MAPK1,phosphorylates,IRS1,S636;S312;S616;S639,1,"['S636', 'S312', 'S616', 'S639']","[-1, -1, -1, 0]",1,"[-1, -1, -1, 0]",1,"{1: 0, -1: 3}",-1
MAPK1,phosphorylates,BRAF,S753;T753;T401;S750;S151;T151,1,"['S753', 'T753', 'T401', 'S750', 'S151', 'T151']","[0, -1, -1, -1, -1, -1]",1,"[0, -1, -1, -1, -1, -1]",1,"{1: 0, -1: 5}",-1
MAPK1,phosphorylates,TCF3,S359;T355;S352,1,"['S359', 'T355', 'S352']","[-1, -1, -1]",-1,"[1, 1, 1]",1,"{1: 3, -1: 0}",1
MAPK1,phosphorylates,GSK3B,T43;T403;T275,1,"['T43', 'T403', 'T275']","[1, 0, 0]",1,"[1, 0, 0]",1,"{1: 1, -1: 0}",1
MAPK1,phosphorylates,TP53,S33;T55;S15;T81,1,"['S33', 'T55', 'S15', 'T81']","[1, -1, 1, 1]",-1,"[-1, 1, -1, -1]",1,"{1: 1, -1: 3}",-1
MAPK1,phosphorylates,RUNX1,S249;S303;S276;T300;S266;S462;T273;S293,1,"['S249', 'S303', 'S276', 'T300', 'S266', 'S462', 'T273', 'S293']","[1, 1, -1, -1, 1, 0, 1, -1]",-1,"[-1, -1, 1, 1, -1, 0, -1, 1]",1,"{1: 3, -1: 4}",-1
MAPK1,phosphorylates,CASP8,S387,1,['S387'],[-1],-1,[1],1,"{1: 1, -1: 0}",1
MAPK1,phosphorylates,SOS1,S757;S1082;S1193;S1197;S1132;S1275;S1210;S1178;S1167,1,"['S757', 'S1082', 'S1193', 'S1197', 'S1132', 'S1275', 'S1210', 'S1178', 'S1167']","[0, 0, -1, 0, -1, 0, 0, -1, -1]",1,"[0, 0, -1, 0, -1, 0, 0, -1, -1]",1,"{1: 0, -1: 4}",-1
MAPK1,phosphorylates,BCL6,S333;S343,1,"['S333', 'S343']","[-1, -1]",1,"[-1, -1]",1,"{1: 0, -1: 2}",-1
MAPK3,phosphorylates,GTF2I,S668;Y248;S633;S674;S627,1,"['S668', 'Y248', 'S633', 'S674', 'S627']","[1, 1, 0, 1, 0]",1,"[1, 1, 0, 1, 0]",1,"{1: 3, -1: 0}",1
MAPK3,phosphorylates,FGFR1,S777,1,['S777'],[-1],1,[-1],1,"{1: 0, -1: 1}",-1
MAPK3,phosphorylates,LRP6,S1490;T1572,1,"['S1490', 'T1572']","[1, 1]",1,"[1, 1]",1,"{1: 2, -1: 0}",1
MAPK3,phosphorylates,TSC2,S664,1,['S664'],[1],-1,[-1],1,"{1: 0, -1: 1}",-1
MAPK3,dephosphorylates,MAP2K1,S218;S222,-1,"['S218', 'S222']","[1, 1]",1,"[-1, -1]",1,"{1: 0, -1: 2}",-1
MAPK3,phosphorylates,MAP2K1,T292;S298;T286;T386,1,"['T292', 'S298', 'T286', 'T386']","[-1, 1, -1, 0]",1,"[-1, 1, -1, 0]",1,"{1: 1, -1: 2}",-1
MAPK3,dephosphorylates,MAP2K2,S226;S222,-1,"['S226', 'S222']","[1, 1]",1,"[-1, -1]",1,"{1: 0, -1: 2}",-1
MAPK3,phosphorylates,MCL1,T163;T92,1,"['T163', 'T92']","[1, 1]",1,"[1, 1]",1,"{1: 2, -1: 0}",1
MAPK3,phosphorylates,AR,S516;S651,1,"['S516', 'S651']","[-1, 0]",1,"[-1, 0]",1,"{1: 0, -1: 1}",-1
MAPK3,phosphorylates,PPARG,S112,1,['S112'],[-1],1,[-1],1,"{1: 0, -1: 1}",-1
MAPK3,phosphorylates,HIF1A,S643;S641,1,"['S643', 'S641']","[1, 1]",1,"[1, 1]",1,"{1: 2, -1: 0}",1
MAPK3,phosphorylates,STAT3,Y705;S726;S727,1,"['Y705', 'S726', 'S727']","[1, 0, 1]",1,"[1, 0, 1]",1,"{1: 2, -1: 0}",1
MAPK3,phosphorylates,EGFR,T693,1,['T693'],[-1],1,[-1],1,"{1: 0, -1: 1}",-1
MAPK3,phosphorylates,ETV6,S22;T31;S213;S257;T18,1,"['S22', 'T31', 'S213', 'S257', 'T18']","[0, 0, -1, -1, 0]",-1,"[0, 0, 1, 1, 0]",1,"{1: 2, -1: 0}",1
MAPK3,phosphorylates,ESR1,S106;S118;S104,1,"['S106', 'S118', 'S104']","[1, 1, 1]",1,"[1, 1, 1]",1,"{1: 3, -1: 0}",1
MAPK3,phosphorylates,CEBPA,S21;T222,1,"['S21', 'T222']","[-1, 0]",-1,"[1, 0]",1,"{1: 1, -1: 0}",1
MAPK3,phosphorylates,PGR,S20;S190;S676;S213;S345;S294;S162;S130,1,"['S20', 'S190', 'S676', 'S213', 'S345', 'S294', 'S162', 'S130']","[0, 0, 0, 0, 0, -1, 0, 0]",1,"[0, 0, 0, 0, 0, -1, 0, 0]",1,"{1: 0, -1: 1}",-1
MAPK3,phosphorylates,GAB1,S567;S454;T312;S597;S551;T476;S581;S381,1,"['S567', 'S454', 'T312', 'S597', 'S551', 'T476', 'S581', 'S381']","[0, -1, -1, -1, 0, -1, 0, 0]",1,"[0, -1, -1, -1, 0, -1, 0, 0]",1,"{1: 0, -1: 4}",-1
MAPK3,phosphorylates,GAB2,S623;S543;S141;S480,1,"['S623', 'S543', 'S141', 'S480']","[1, 0, 0, 0]",1,"[1, 0, 0, 0]",1,"{1: 1, -1: 0}",1
MAPK3,phosphorylates,LCK,S42;S59;S194,1,"['S42', 'S59', 'S194']","[-1, -1, 0]",1,"[-1, -1, 0]",1,"{1: 0, -1: 2}",-1
MAPK3,phosphorylates,RPTOR,S863;S8;S696,1,"['S863', 'S8', 'S696']","[1, 0, 1]",1,"[1, 0, 1]",1,"{1: 2, -1: 0}",1
MAPK3,phosphorylates,PAK1,T292,1,['T292'],[-1],1,[-1],1,"{1: 0, -1: 1}",-1
MAPK3,phosphorylates,XBP1,S181;S68,1,"['S181', 'S68']","[-1, -1]",1,"[-1, -1]",1,"{1: 0, -1: 2}",-1
MAPK3,phosphorylates,CIC,S1409;S1389,1,"['S1409', 'S1389']","[-1, 0]",-1,"[1, 0]",1,"{1: 1, -1: 0}",1
MAPK3,phosphorylates,STK11,S428,1,['S428'],[1],-1,[-1],1,"{1: 0, -1: 1}",-1
MAPK3,phosphorylates,JUN,S63;S73,1,"['S63', 'S73']","[1, 1]",1,"[1, 1]",1,"{1: 2, -1: 0}",1
MAPK3,phosphorylates,ERF,T526,1,['T526'],[-1],-1,[1],1,"{1: 1, -1: 0}",1
MAPK3,phosphorylates,FBXW7,T205,1,['T205'],[-1],-1,[1],1,"{1: 1, -1: 0}",1
MAPK3,dephosphorylates,MAP2K1,S218;S222,-1,"['S218', 'S222']","[1, 1]",1,"[-1, -1]",1,"{1: 0, -1: 2}",-1
MAPK3,phosphorylates,MAP2K1,T292;S298;T286;T386,1,"['T292', 'S298', 'T286', 'T386']","[-1, 1, -1, 0]",1,"[-1, 1, -1, 0]",1,"{1: 1, -1: 2}",-1
MAPK3,phosphorylates,CDKN1B,T187,1,['T187'],[-1],-1,[1],1,"{1: 1, -1: 0}",1
MAPK3,phosphorylates,SMAD3,S208;S204;S213;T179,1,"['S208', 'S204', 'S213', 'T179']","[-1, -1, -1, -1]",-1,"[1, 1, 1, 1]",1,"{1: 4, -1: 0}",1
MAPK3,phosphorylates,SMAD4,T277,1,['T277'],[1],-1,[-1],1,"{1: 0, -1: 1}",-1
MAPK3,phosphorylates,SMAD2,S458;T8;S245;S255;T220;S250,1,"['S458', 'T8', 'S245', 'S255', 'T220', 'S250']","[0, 1, 1, 1, 1, 1]",-1,"[0, -1, -1, -1, -1, -1]",1,"{1: 0, -1: 5}",-1
MAPK3,phosphorylates,RAC1,T108,1,['T108'],[-1],1,[-1],1,"{1: 0, -1: 1}",-1
MAPK3,phosphorylates,RAF1,S43;S259;S289;S301;S642;S296;S29,1,"['S43', 'S259', 'S289', 'S301', 'S642', 'S296', 'S29']","[-1, -1, 1, -1, -1, 1, -1]",1,"[-1, -1, 1, -1, -1, 1, -1]",1,"{1: 2, -1: 5}",-1
MAPK3,phosphorylates,RHOA,S88;T100,1,"['S88', 'T100']","[1, 1]",1,"[1, 1]",1,"{1: 2, -1: 0}",1
MAPK3,phosphorylates,BCL2L11,S69,1,['S69'],[-1],-1,[1],1,"{1: 1, -1: 0}",1
MAPK3,phosphorylates,CREB1,S133,1,['S133'],[1],1,[1],1,"{1: 1, -1: 0}",1
MAPK3,phosphorylates,IRS1,S636;S348;S531;S312;S892;S1078;S616,1,"['S636', 'S348', 'S531', 'S312', 'S892', 'S1078', 'S616']","[-1, 0, 0, -1, 0, 0, -1]",1,"[-1, 0, 0, -1, 0, 0, -1]",1,"{1: 0, -1: 3}",-1
MAPK3,phosphorylates,JAK2,S523,1,['S523'],[-1],1,[-1],1,"{1: 0, -1: 1}",-1
MAPK3,phosphorylates,BRAF,S753;T753;T401;S750;S151;T151,1,"['S753', 'T753', 'T401', 'S750', 'S151', 'T151']","[0, -1, -1, -1, -1, -1]",1,"[0, -1, -1, -1, -1, -1]",1,"{1: 0, -1: 5}",-1
MAPK3,phosphorylates,TAL1,S122,1,['S122'],[-1],1,[-1],1,"{1: 0, -1: 1}",-1
MAPK3,phosphorylates,TCF3,T355,1,['T355'],[-1],-1,[1],1,"{1: 1, -1: 0}",1
MAPK3,phosphorylates,GSK3B,T43;T403;T275,1,"['T43', 'T403', 'T275']","[1, 0, 0]",1,"[1, 0, 0]",1,"{1: 1, -1: 0}",1
MAPK3,phosphorylates,TP53,S15;S392,1,"['S15', 'S392']","[1, 1]",-1,"[-1, -1]",1,"{1: 0, -1: 2}",-1
MAPK3,phosphorylates,RUNX1,S303;S276;T300;S462;S293,1,"['S303', 'S276', 'T300', 'S462', 'S293']","[1, -1, -1, 0, -1]",-1,"[-1, 1, 1, 0, 1]",1,"{1: 3, -1: 1}",1
MAPK3,phosphorylates,CASP8,S387,1,['S387'],[-1],-1,[1],1,"{1: 1, -1: 0}",1
MAPK3,phosphorylates,SOS1,S1193;S1132;S1178;S1167,1,"['S1193', 'S1132', 'S1178', 'S1167']","[-1, -1, -1, -1]",1,"[-1, -1, -1, -1]",1,"{1: 0, -1: 4}",-1
MAPK3,phosphorylates,BCL6,S333;S343,1,"['S333', 'S343']","[-1, -1]",1,"[-1, -1]",1,"{1: 0, -1: 2}",-1
GSK3B,phosphorylates,NFE2L2,S347;S344,1,"['S347', 'S344']","[-1, -1]",1,"[-1, -1]",1,"{1: 0, -1: 2}",-1
GSK3B,phosphorylates,ESR1,S106;S118;S305;S104;S102,1,"['S106', 'S118', 'S305', 'S104', 'S102']","[1, 1, 1, 1, 1]",1,"[1, 1, 1, 1, 1]",1,"{1: 5, -1: 0}",1
GSK3B,phosphorylates,HIST1H1B,T11,1,['T11'],[1],-1,[-1],1,"{1: 0, -1: 1}",-1
GSK3B,phosphorylates,MYC,T73;T58;S344;S277,1,"['T73', 'T58', 'S344', 'S277']","[0, -1, 0, 0]",1,"[0, -1, 0, 0]",1,"{1: 0, -1: 1}",-1
GSK3B,dephosphorylates,MYC,S62,-1,['S62'],[1],1,[-1],1,"{1: 0, -1: 1}",-1
GSK3B,phosphorylates,PGR,S390,1,['S390'],[-1],1,[-1],1,"{1: 0, -1: 1}",-1
GSK3B,phosphorylates,RPTOR,S722;S877;S863;S792;S859,1,"['S722', 'S877', 'S863', 'S792', 'S859']","[1, -1, 1, 0, 0]",1,"[1, -1, 1, 0, 0]",1,"{1: 2, -1: 1}",1
GSK3B,phosphorylates,JUN,T239;S243,1,"['T239', 'S243']","[-1, -1]",1,"[-1, -1]",1,"{1: 0, -1: 2}",-1
GSK3B,phosphorylates,RICTOR,T1695;S1235,1,"['T1695', 'S1235']","[-1, 0]",1,"[-1, 0]",1,"{1: 0, -1: 1}",-1
GSK3B,phosphorylates,BLM,T171,1,['T171'],[-1],-1,[1],1,"{1: 1, -1: 0}",1
GSK3B,phosphorylates,PTEN,T366;S362,1,"['T366', 'S362']","[-1, 0]",-1,"[1, 0]",1,"{1: 1, -1: 0}",1
GSK3B,phosphorylates,CTNNB1,T41;S33;S45;S37,1,"['T41', 'S33', 'S45', 'S37']","[-1, -1, -1, -1]",1,"[-1, -1, -1, -1]",1,"{1: 0, -1: 4}",-1
GSK3B,phosphorylates,MYC,T73;T58;S344;S277,1,"['T73', 'T58', 'S344', 'S277']","[0, -1, 0, 0]",1,"[0, -1, 0, 0]",1,"{1: 0, -1: 1}",-1
GSK3B,dephosphorylates,MYC,S62,-1,['S62'],[1],1,[-1],1,"{1: 0, -1: 1}",-1
GSK3B,phosphorylates,HRAS,T148;T144,1,"['T148', 'T144']","[-1, -1]",1,"[-1, -1]",1,"{1: 0, -1: 2}",-1
GSK3B,phosphorylates,CDKN1A,S114;T57,1,"['S114', 'T57']","[-1, -1]",-1,"[1, 1]",1,"{1: 2, -1: 0}",1
GSK3B,phosphorylates,CIITA,S373,1,['S373'],[-1],1,[-1],1,"{1: 0, -1: 1}",-1
GSK3B,phosphorylates,KLF5,S303,1,['S303'],[-1],1,[-1],1,"{1: 0, -1: 1}",-1
GSK3B,phosphorylates,SUFU,S342,1,['S342'],[1],-1,[-1],1,"{1: 0, -1: 1}",-1
GSK3B,phosphorylates,MAPK3,Y204;T202,1,"['Y204', 'T202']","[1, 1]",1,"[1, 1]",1,"{1: 2, -1: 0}",1
GSK3B,phosphorylates,MAPK1,T185;Y187,1,"['T185', 'Y187']","[1, 1]",1,"[1, 1]",1,"{1: 2, -1: 0}",1
GSK3B,phosphorylates,LRP6,S1490;T1572;S1607,1,"['S1490', 'T1572', 'S1607']","[1, 1, 1]",1,"[1, 1, 1]",1,"{1: 3, -1: 0}",1
GSK3B,phosphorylates,CCND1,T286,1,['T286'],[-1],1,[-1],1,"{1: 0, -1: 1}",-1
GSK3B,phosphorylates,CCND3,T283,1,['T283'],[-1],1,[-1],1,"{1: 0, -1: 1}",-1
GSK3B,phosphorylates,CCND2,T280,1,['T280'],[-1],1,[-1],1,"{1: 0, -1: 1}",-1
GSK3B,phosphorylates,CCNE1,T77;S387;T395;S73,1,"['T77', 'S387', 'T395', 'S73']","[-1, -1, -1, 0]",1,"[-1, -1, -1, 0]",1,"{1: 0, -1: 3}",-1
GSK3B,phosphorylates,TP53,S315;S33;S376,1,"['S315', 'S33', 'S376']","[1, 1, 1]",-1,"[-1, -1, -1]",1,"{1: 0, -1: 3}",-1
XPO1,phosphorylates,CIITA,S288,1,['S288'],[-1],1,[-1],1,"{1: 0, -1: 1}",-1
XPO1,dephosphorylates,HIF1A,S643;S641,-1,"['S643', 'S641']","[1, 1]",1,"[-1, -1]",1,"{1: 0, -1: 2}",-1
XPO1,phosphorylates,CDKN1B,S10,1,['S10'],[1],-1,[-1],1,"{1: 0, -1: 1}",-1
XPO1,phosphorylates,TP53,T55,1,['T55'],[-1],-1,[1],1,"{1: 1, -1: 0}",1
XPO1,phosphorylates,CCND1,T286,1,['T286'],[-1],1,[-1],1,"{1: 0, -1: 1}",-1
XPO1,phosphorylates,DAXX,S668,1,['S668'],[1],-1,[-1],1,"{1: 0, -1: 1}",-1
XPO1,phosphorylates,STK11,S307;S428,1,"['S307', 'S428']","[1, 1]",-1,"[-1, -1]",1,"{1: 0, -1: 2}",-1
XPO1,phosphorylates,FYN,Y213,1,['Y213'],[-1],1,[-1],1,"{1: 0, -1: 1}",-1
CREBBP,phosphorylates,TP53,S20;S33;S46;S37;S15;T18,1,"['S20', 'S33', 'S46', 'S37', 'S15', 'T18']","[1, 1, 1, 1, 1, 1]",-1,"[-1, -1, -1, -1, -1, -1]",-1,"{1: 0, -1: 6}",-1
CREBBP,acetylates,TP53,K382,1,['K382'],[-1],-1,[1],-1,"{1: 1, -1: 0}",1
CREBBP,phosphorylates,TP53,S20;S33;S46;S37;S15;T18,1,"['S20', 'S33', 'S46', 'S37', 'S15', 'T18']","[1, 1, 1, 1, 1, 1]",-1,"[-1, -1, -1, -1, -1, -1]",-1,"{1: 0, -1: 6}",-1
CREBBP,acetylates,TP53,K382,1,['K382'],[-1],-1,[1],-1,"{1: 1, -1: 0}",1
CREBBP,phosphorylates,ESR1,S106;S118;S104,1,"['S106', 'S118', 'S104']","[1, 1, 1]",1,"[1, 1, 1]",-1,"{1: 3, -1: 0}",1
CREBBP,phosphorylates,MDM2,S188;S186,1,"['S188', 'S186']","[1, 1]",1,"[1, 1]",-1,"{1: 2, -1: 0}",1
CREBBP,dephosphorylates,CREB1,S107,-1,['S107'],[-1],1,[1],-1,"{1: 1, -1: 0}",1
CREBBP,dephosphorylates,ATF1,S41;S36,-1,"['S41', 'S36']","[-1, -1]",1,"[1, 1]",-1,"{1: 2, -1: 0}",1
CREBBP,dephosphorylates,CREB1,S107,-1,['S107'],[-1],1,[1],-1,"{1: 1, -1: 0}",1
CREBBP,dephosphorylates,CREB1,S107,-1,['S107'],[-1],1,[1],-1,"{1: 1, -1: 0}",1
EPHB1,phosphorylates,MAP2K1,S218;S222,1,"['S218', 'S222']","[1, 1]",1,"[1, 1]",-1,"{1: 2, -1: 0}",1
EPHB1,phosphorylates,SRC,Y419,1,['Y419'],[1],1,[1],-1,"{1: 1, -1: 0}",1
EPHB1,phosphorylates,PAK1,T423;S144,1,"['T423', 'S144']","[0, 1]",1,"[0, 1]",-1,"{1: 1, -1: 0}",1
EPHB1,phosphorylates,FYN,Y420,1,['Y420'],[1],1,[1],-1,"{1: 1, -1: 0}",1
RPTOR,phosphorylates,IRS1,S636;S307;S1101,1,"['S636', 'S307', 'S1101']","[-1, -1, -1]",1,"[-1, -1, -1]",1,"{1: 0, -1: 3}",-1
RPTOR,dephosphorylates,SHOC2,T507,-1,['T507'],[1],1,[-1],1,"{1: 0, -1: 1}",-1
RPTOR,dephosphorylates,MTOR,S1415;T2164;S2159,-1,"['S1415', 'T2164', 'S2159']","[1, 0, 0]",1,"[-1, 0, 0]",1,"{1: 0, -1: 1}",-1
B2M,phosphorylates,PLCG1,Y783;Y771;Y1253;Y472,1,"['Y783', 'Y771', 'Y1253', 'Y472']","[1, -1, 1, 1]",1,"[1, -1, 1, 1]",-1,"{1: 3, -1: 1}",1
B2M,phosphorylates,PLCG2,Y753;Y1197;Y759;Y1217,1,"['Y753', 'Y1197', 'Y759', 'Y1217']","[1, 1, 1, 1]",1,"[1, 1, 1, 1]",-1,"{1: 4, -1: 0}",1
B2M,phosphorylates,CD28,Y206;Y218;Y191;Y209,1,"['Y206', 'Y218', 'Y191', 'Y209']","[0, 1, 1, 1]",1,"[0, 1, 1, 1]",-1,"{1: 3, -1: 0}",1
B2M,phosphorylates,VAV1,Y160;Y174;Y142,1,"['Y160', 'Y174', 'Y142']","[-1, 0, 0]",1,"[-1, 0, 0]",-1,"{1: 0, -1: 1}",-1
B2M,phosphorylates,VAV2,Y172,1,['Y172'],[1],1,[1],-1,"{1: 1, -1: 0}",1
B2M,phosphorylates,BTK,Y551;Y223,1,"['Y551', 'Y223']","[1, 1]",1,"[1, 1]",-1,"{1: 2, -1: 0}",1
B2M,phosphorylates,JUN,S63;S73,1,"['S63', 'S73']","[1, 1]",1,"[1, 1]",-1,"{1: 2, -1: 0}",1
B2M,phosphorylates,SYK,Y323;Y525;Y348;Y526;Y352;Y131,1,"['Y323', 'Y525', 'Y348', 'Y526', 'Y352', 'Y131']","[1, 1, 1, 1, 1, 0]",1,"[1, 1, 1, 1, 1, 0]",-1,"{1: 5, -1: 0}",1
BLM,dephosphorylates,TP53,S15;S378;S376,-1,"['S15', 'S378', 'S376']","[1, 1, 1]",-1,"[1, 1, 1]",-1,"{1: 3, -1: 0}",1
BLM,phosphorylates,CHEK1,S317;S345,1,"['S317', 'S345']","[1, 1]",-1,"[-1, -1]",-1,"{1: 0, -1: 2}",-1
FBXW7,phosphorylates,GATA2,T176,1,['T176'],[-1],1,[-1],-1,"{1: 0, -1: 1}",-1
FBXW7,phosphorylates,KLF5,S303,1,['S303'],[-1],1,[-1],-1,"{1: 0, -1: 1}",-1
FBXW7,phosphorylates,CCNE1,T77;S399;T395,1,"['T77', 'S399', 'T395']","[-1, 1, -1]",1,"[-1, 1, -1]",-1,"{1: 1, -1: 2}",-1
FBXW7,phosphorylates,SHOC2,T507,1,['T507'],[1],1,[1],-1,"{1: 1, -1: 0}",1
FBXW7,phosphorylates,SMARCA4,S31;S35,1,"['S31', 'S35']","[-1, -1]",-1,"[1, 1]",-1,"{1: 2, -1: 0}",1
FBXW7,phosphorylates,DEK,T67;T15,1,"['T67', 'T15']","[-1, -1]",1,"[-1, -1]",-1,"{1: 0, -1: 2}",-1
FBXW7,phosphorylates,BLM,T171;S175,1,"['T171', 'S175']","[-1, -1]",-1,"[1, 1]",-1,"{1: 2, -1: 0}",1
FBXW7,phosphorylates,MYC,S62,1,['S62'],[1],1,[1],-1,"{1: 1, -1: 0}",1
AURKA,phosphorylates,TP53,S315;S106;S215,1,"['S315', 'S106', 'S215']","[1, 1, -1]",-1,"[-1, -1, 1]",1,"{1: 1, -1: 2}",-1
AURKA,phosphorylates,MYCN,T58;S62,1,"['T58', 'S62']","[-1, 0]",1,"[-1, 0]",1,"{1: 0, -1: 1}",-1
AURKA,phosphorylates,BRCA1,S308,1,['S308'],[1],-1,[-1],1,"{1: 0, -1: 1}",-1
AURKA,phosphorylates,NFKBIA,S32;S36,1,"['S32', 'S36']","[1, 1]",-1,"[-1, -1]",1,"{1: 0, -1: 2}",-1
AURKA,phosphorylates,ESR1,S305;S167,1,"['S305', 'S167']","[1, 1]",1,"[1, 1]",1,"{1: 2, -1: 0}",1
AURKA,phosphorylates,LATS2,S380;S83,1,"['S380', 'S83']","[1, 1]",-1,"[-1, -1]",1,"{1: 0, -1: 2}",-1
AURKA,phosphorylates,AKT1,Y474;T308;S473,1,"['Y474', 'T308', 'S473']","[1, 1, 1]",1,"[1, 1, 1]",1,"{1: 3, -1: 0}",1
AURKA,phosphorylates,BCL2L11,S98;S93;S94,1,"['S98', 'S93', 'S94']","[-1, -1, -1]",-1,"[1, 1, 1]",1,"{1: 3, -1: 0}",1
AURKA,phosphorylates,GSK3B,S9,1,['S9'],[-1],1,[-1],1,"{1: 0, -1: 1}",-1
TP53,dephosphorylates,BCL2,S87;T69;S70,-1,"['S87', 'T69', 'S70']","[-1, -1, -1]",1,"[1, 1, 1]",-1,"{1: 3, -1: 0}",1
TP53,dephosphorylates,MDM2,S425;S386;S395;S407;T419;S429,-1,"['S425', 'S386', 'S395', 'S407', 'T419', 'S429']","[-1, -1, -1, -1, -1, -1]",1,"[1, 1, 1, 1, 1, 1]",-1,"{1: 6, -1: 0}",1
TP53,phosphorylates,CHEK1,S345,1,['S345'],[1],-1,[-1],-1,"{1: 0, -1: 1}",-1
TP53,dephosphorylates,SOCS1,Y80,-1,['Y80'],[-1],-1,[-1],-1,"{1: 0, -1: 1}",-1
EP300,phosphorylates,CREB1,S119,1,['S119'],[1],1,[1],-1,"{1: 1, -1: 0}",1
EP300,acetylates,TP53,K373,1,['K373'],[-1],-1,[1],-1,"{1: 1, -1: 0}",1
EP300,phosphorylates,TP53,S20;T18,1,"['S20', 'T18']","[1, 1]",-1,"[-1, -1]",-1,"{1: 0, -1: 2}",-1
EP300,phosphorylates,NCOA3,Y1357,1,['Y1357'],[1],1,[1],-1,"{1: 1, -1: 0}",1
EP300,acetylates,TP53,K373,1,['K373'],[-1],-1,[1],-1,"{1: 1, -1: 0}",1
EP300,phosphorylates,TP53,S20;T18,1,"['S20', 'T18']","[1, 1]",-1,"[-1, -1]",-1,"{1: 0, -1: 2}",-1
EP300,phosphorylates,MDM2,S166;S186,1,"['S166', 'S186']","[1, 1]",1,"[1, 1]",-1,"{1: 2, -1: 0}",1
EP300,acetylates,AR,K633;K631;K634,1,"['K633', 'K631', 'K634']","[1, 1, 1]",1,"[1, 1, 1]",-1,"{1: 3, -1: 0}",1
EP300,acetylates,STAT3,K49;K87,1,"['K49', 'K87']","[1, 1]",1,"[1, 1]",-1,"{1: 2, -1: 0}",1
EP300,phosphorylates,STAT3,S727,1,['S727'],[1],1,[1],-1,"{1: 1, -1: 0}",1
EP300,acetylates,STAT3,K49;K87,1,"['K49', 'K87']","[1, 1]",1,"[1, 1]",-1,"{1: 2, -1: 0}",1
EP300,phosphorylates,STAT3,S727,1,['S727'],[1],1,[1],-1,"{1: 1, -1: 0}",1
EP300,phosphorylates,CTNNB1,S675,1,['S675'],[1],1,[1],-1,"{1: 1, -1: 0}",1
EP300,phosphorylates,VHL,S111,1,['S111'],[1],-1,[-1],-1,"{1: 0, -1: 1}",-1
PIK3R1,phosphorylates,STAT3,Y705;S727,1,"['Y705', 'S727']","[1, 1]",1,"[1, 1]",-1,"{1: 2, -1: 0}",1
PIK3R1,dephosphorylates,PDGFRB,Y1009,-1,['Y1009'],[1],1,[-1],-1,"{1: 0, -1: 1}",-1
PIK3R1,phosphorylates,PDGFRB,Y751;Y740;Y579;Y581,1,"['Y751', 'Y740', 'Y579', 'Y581']","[1, 1, 1, 1]",1,"[1, 1, 1, 1]",-1,"{1: 4, -1: 0}",1
PIK3R1,phosphorylates,VAV1,Y160;Y174;Y142,1,"['Y160', 'Y174', 'Y142']","[-1, 0, 0]",1,"[-1, 0, 0]",-1,"{1: 0, -1: 1}",-1
PIK3R1,phosphorylates,VAV2,Y172,1,['Y172'],[1],1,[1],-1,"{1: 1, -1: 0}",1
PIK3R1,phosphorylates,GAB1,Y589;Y447;Y627;Y472,1,"['Y589', 'Y447', 'Y627', 'Y472']","[0, 1, 1, 0]",1,"[0, 1, 1, 0]",-1,"{1: 2, -1: 0}",1
PIK3R1,phosphorylates,RET,Y1096;Y1062,1,"['Y1096', 'Y1062']","[1, 1]",1,"[1, 1]",-1,"{1: 2, -1: 0}",1
PIK3R1,phosphorylates,MET,Y1356;Y1349,1,"['Y1356', 'Y1349']","[1, 1]",1,"[1, 1]",-1,"{1: 2, -1: 0}",1
PIK3R1,phosphorylates,KDR,Y801,1,['Y801'],[1],1,[1],-1,"{1: 1, -1: 0}",1
PIK3R1,phosphorylates,SGK1,S422;T256,1,"['S422', 'T256']","[1, 1]",1,"[1, 1]",-1,"{1: 2, -1: 0}",1
PIK3R1,phosphorylates,ERBB3,Y1276;Y1289;Y1222;Y1260;Y1197;Y1054,1,"['Y1276', 'Y1289', 'Y1222', 'Y1260', 'Y1197', 'Y1054']","[1, 1, 0, 0, 0, 0]",1,"[1, 1, 0, 0, 0, 0]",-1,"{1: 2, -1: 0}",1
PIK3R1,phosphorylates,ERBB4,Y1056,1,['Y1056'],[1],1,[1],-1,"{1: 1, -1: 0}",1
PIK3R1,phosphorylates,AKT2,T309,1,['T309'],[1],1,[1],-1,"{1: 1, -1: 0}",1
PIK3R1,phosphorylates,AKT3,T305,1,['T305'],[1],1,[1],-1,"{1: 1, -1: 0}",1
PIK3R1,phosphorylates,AKT1,T308;Y474;T473;S473;S308,1,"['T308', 'Y474', 'T473', 'S473', 'S308']","[1, 1, 0, 1, 0]",1,"[1, 1, 0, 1, 0]",-1,"{1: 3, -1: 0}",1
PIK3R1,dephosphorylates,PDGFRB,Y1009,-1,['Y1009'],[1],1,[-1],-1,"{1: 0, -1: 1}",-1
PIK3R1,phosphorylates,PDGFRB,Y751;Y740;Y579;Y581,1,"['Y751', 'Y740', 'Y579', 'Y581']","[1, 1, 1, 1]",1,"[1, 1, 1, 1]",-1,"{1: 4, -1: 0}",1
PIK3R1,phosphorylates,CASP8,Y380,1,['Y380'],[-1],-1,[1],-1,"{1: 1, -1: 0}",1
TGFBR1,phosphorylates,SMAD3,S425;S423;S204;S422,1,"['S425', 'S423', 'S204', 'S422']","[1, 1, -1, 0]",-1,"[-1, -1, 1, 0]",-1,"{1: 1, -1: 2}",-1
TGFBR1,dephosphorylates,SMAD2,S417;S467;S465,-1,"['S417', 'S467', 'S465']","[0, 1, 1]",-1,"[0, 1, 1]",-1,"{1: 2, -1: 0}",1
IKBKE,phosphorylates,CYLD,S418,1,['S418'],[1],-1,[-1],1,"{1: 0, -1: 1}",-1
IKBKE,phosphorylates,NFKBIA,S32;S36,1,"['S32', 'S36']","[1, 1]",-1,"[-1, -1]",1,"{1: 0, -1: 2}",-1
IKBKE,phosphorylates,ESR1,S167,1,['S167'],[1],1,[1],1,"{1: 1, -1: 0}",1
IKBKE,phosphorylates,XIAP,S430,1,['S430'],[-1],1,[-1],1,"{1: 0, -1: 1}",-1
IKBKE,phosphorylates,AKT1,T308;S473,1,"['T308', 'S473']","[1, 1]",1,"[1, 1]",1,"{1: 2, -1: 0}",1
CBL,phosphorylates,ERBB2,Y1112,1,['Y1112'],[-1],1,[-1],-1,"{1: 0, -1: 1}",-1
CBL,phosphorylates,ERBB4,Y1056,1,['Y1056'],[1],1,[1],-1,"{1: 1, -1: 0}",1
CBL,phosphorylates,PDGFRB,Y1009,1,['Y1009'],[1],1,[1],-1,"{1: 1, -1: 0}",1
CBL,phosphorylates,EGFR,Y1110;Y998;Y1069;S991;Y1197;Y1092,1,"['Y1110', 'Y998', 'Y1069', 'S991', 'Y1197', 'Y1092']","[1, 0, -1, 0, 1, 1]",1,"[1, 0, -1, 0, 1, 1]",-1,"{1: 3, -1: 1}",1
CBL,phosphorylates,FLT1,Y1333,1,['Y1333'],[-1],1,[-1],-1,"{1: 0, -1: 1}",-1
CBL,phosphorylates,MET,Y1003,1,['Y1003'],[1],1,[1],-1,"{1: 1, -1: 0}",1
CBL,phosphorylates,KDR,Y1059;Y1054,1,"['Y1059', 'Y1054']","[1, 1]",1,"[1, 1]",-1,"{1: 2, -1: 0}",1
CBL,phosphorylates,SYK,Y323,1,['Y323'],[1],1,[1],-1,"{1: 1, -1: 0}",1
SH2D1A,phosphorylates,VAV1,Y826,1,['Y826'],[1],1,[1],-1,"{1: 1, -1: 0}",1
MST1,phosphorylates,MST1R,Y1238;Y1353;Y1360;Y1239,1,"['Y1238', 'Y1353', 'Y1360', 'Y1239']","[1, 0, 0, 1]",1,"[1, 0, 0, 1]",-1,"{1: 2, -1: 0}",1
HLA-A,phosphorylates,JUN,S63;S73,1,"['S63', 'S73']","[1, 1]",1,"[1, 1]",-1,"{1: 2, -1: 0}",1
HLA-A,phosphorylates,CD28,Y206;Y218;Y191;Y209,1,"['Y206', 'Y218', 'Y191', 'Y209']","[0, 1, 1, 1]",1,"[0, 1, 1, 1]",-1,"{1: 3, -1: 0}",1
HLA-A,phosphorylates,VAV1,Y160;Y174;Y142,1,"['Y160', 'Y174', 'Y142']","[-1, 0, 0]",1,"[-1, 0, 0]",-1,"{1: 0, -1: 1}",-1
MAP3K14,phosphorylates,NFKBIA,S32;S36,1,"['S32', 'S36']","[1, 1]",-1,"[-1, -1]",1,"{1: 0, -1: 2}",-1
PPARG,dephosphorylates,EP300,S89,-1,['S89'],[-1],-1,[-1],1,"{1: 0, -1: 1}",-1
PPARG,phosphorylates,CDKN1A,T55,1,['T55'],[1],-1,[-1],1,"{1: 0, -1: 1}",-1
NPM1,phosphorylates,STAT3,Y705,1,['Y705'],[1],1,[1],-1,"{1: 1, -1: 0}",1
SMARCA4,acetylates,TP53,K373,1,['K373'],[-1],-1,[1],-1,"{1: 1, -1: 0}",1
SMARCA4,dephosphorylates,CCND1,T286,-1,['T286'],[-1],1,[1],-1,"{1: 1, -1: 0}",1
IFNGR1,phosphorylates,JAK2,Y1007,1,['Y1007'],[1],1,[1],-1,"{1: 1, -1: 0}",1
TSC1,dephosphorylates,TSC2,S664,-1,['S664'],[1],-1,[1],-1,"{1: 1, -1: 0}",1
MCL1,dephosphorylates,BCL2L11,S69,-1,['S69'],[-1],-1,[-1],1,"{1: 0, -1: 1}",-1
MCL1,dephosphorylates,PMAIP1,S13,-1,['S13'],[-1],-1,[-1],1,"{1: 0, -1: 1}",-1
RPS6KB2,phosphorylates,RICTOR,T1135,1,['T1135'],[-1],1,[-1],1,"{1: 0, -1: 1}",-1
RPS6KB2,phosphorylates,GSK3B,S9,1,['S9'],[-1],1,[-1],1,"{1: 0, -1: 1}",-1
CUX1,phosphorylates,VAV2,Y172,1,['Y172'],[1],1,[1],-1,"{1: 1, -1: 0}",1
CUX1,phosphorylates,STAT5A,Y694,1,['Y694'],[1],1,[1],-1,"{1: 1, -1: 0}",1
CUX1,phosphorylates,STAT5B,Y699,1,['Y699'],[1],1,[1],-1,"{1: 1, -1: 0}",1
CUX1,phosphorylates,PLCG1,Y783;Y771;Y1253;Y472,1,"['Y783', 'Y771', 'Y1253', 'Y472']","[1, -1, 1, 1]",1,"[1, -1, 1, 1]",-1,"{1: 3, -1: 1}",1
CDKN1B,phosphorylates,RB1,S795,1,['S795'],[-1],-1,[1],-1,"{1: 1, -1: 0}",1
CDKN1B,dephosphorylates,FOXO1,S249,-1,['S249'],[-1],-1,[-1],-1,"{1: 0, -1: 1}",-1
PIK3R2,phosphorylates,VAV2,Y172,1,['Y172'],[1],1,[1],-1,"{1: 1, -1: 0}",1
PIK3R2,phosphorylates,CBL,Y774;Y731;Y700,1,"['Y774', 'Y731', 'Y700']","[-1, 1, -1]",-1,"[1, -1, 1]",-1,"{1: 2, -1: 1}",1
PIK3R2,phosphorylates,ERBB4,Y1056,1,['Y1056'],[1],1,[1],-1,"{1: 1, -1: 0}",1
PIK3R2,phosphorylates,ERBB3,Y1276;Y1289;Y1222;Y1260;Y1197;Y1054,1,"['Y1276', 'Y1289', 'Y1222', 'Y1260', 'Y1197', 'Y1054']","[1, 1, 0, 0, 0, 0]",1,"[1, 1, 0, 0, 0, 0]",-1,"{1: 2, -1: 0}",1
PIK3R2,dephosphorylates,NF2,S518,-1,['S518'],[-1],-1,[-1],-1,"{1: 0, -1: 1}",-1
PIK3R3,phosphorylates,VAV2,Y172,1,['Y172'],[1],1,[1],-1,"{1: 1, -1: 0}",1
PIK3R3,phosphorylates,CBL,Y774;Y731;Y700,1,"['Y774', 'Y731', 'Y700']","[-1, 1, -1]",-1,"[1, -1, 1]",-1,"{1: 2, -1: 1}",1
PIK3R3,phosphorylates,ERBB4,Y1056,1,['Y1056'],[1],1,[1],-1,"{1: 1, -1: 0}",1
BCL10,phosphorylates,CARD11,S644;S116,1,"['S644', 'S116']","[1, 0]",1,"[1, 0]",-1,"{1: 1, -1: 0}",1
MAP3K1,phosphorylates,MAP2K1,S218;S222,1,"['S218', 'S222']","[1, 1]",1,"[1, 1]",-1,"{1: 2, -1: 0}",1
MAP3K1,phosphorylates,MAP2K4,S257;T261,1,"['S257', 'T261']","[1, 1]",-1,"[-1, -1]",-1,"{1: 0, -1: 2}",-1
MAP3K1,phosphorylates,NFKBIA,S32;S36,1,"['S32', 'S36']","[1, 1]",-1,"[-1, -1]",-1,"{1: 0, -1: 2}",-1
MAP3K1,phosphorylates,STAT3,S727,1,['S727'],[1],1,[1],-1,"{1: 1, -1: 0}",1
EPHA3,phosphorylates,STAT3,Y705,1,['Y705'],[1],1,[1],-1,"{1: 1, -1: 0}",1
BCL2L11,phosphorylates,MAP2K1,S218;S222,1,"['S218', 'S222']","[1, 1]",1,"[1, 1]",-1,"{1: 2, -1: 0}",1
BCL2L11,phosphorylates,MAP2K2,S226;S222,1,"['S226', 'S222']","[1, 1]",1,"[1, 1]",-1,"{1: 2, -1: 0}",1
BCL2L11,phosphorylates,MAPK3,Y204;T202,1,"['Y204', 'T202']","[1, 1]",1,"[1, 1]",-1,"{1: 2, -1: 0}",1
BCL2L11,phosphorylates,MAPK1,T185;Y187,1,"['T185', 'Y187']","[1, 1]",1,"[1, 1]",-1,"{1: 2, -1: 0}",1
SMAD4,dephosphorylates,SMAD3,S425;S423,-1,"['S425', 'S423']","[1, 1]",-1,"[1, 1]",-1,"{1: 2, -1: 0}",1
SMAD4,phosphorylates,SMAD2,S467;T8;S245;S465;S464;S255;T220;S250,1,"['S467', 'T8', 'S245', 'S465', 'S464', 'S255', 'T220', 'S250']","[1, 1, 1, 1, 1, 1, 1, 1]",-1,"[-1, -1, -1, -1, -1, -1, -1, -1]",-1,"{1: 0, -1: 8}",-1
SMAD4,dephosphorylates,SMAD3,S425;S423,-1,"['S425', 'S423']","[1, 1]",-1,"[1, 1]",-1,"{1: 2, -1: 0}",1
SMAD4,phosphorylates,SMAD2,S467;T8;S245;S465;S464;S255;T220;S250,1,"['S467', 'T8', 'S245', 'S465', 'S464', 'S255', 'T220', 'S250']","[1, 1, 1, 1, 1, 1, 1, 1]",-1,"[-1, -1, -1, -1, -1, -1, -1, -1]",-1,"{1: 0, -1: 8}",-1
DNMT1,acetylates,TET2,K111;K110,1,"['K111', 'K110']","[1, 1]",-1,"[-1, -1]",1,"{1: 0, -1: 2}",-1
SMAD2,phosphorylates,CTNNB1,Y654,1,['Y654'],[1],1,[1],-1,"{1: 1, -1: 0}",1
SMAD2,phosphorylates,SMAD3,S425;S423,1,"['S425', 'S423']","[1, 1]",-1,"[-1, -1]",-1,"{1: 0, -1: 2}",-1
