Gene,InteractionType,Output,Site,RootGeneLabel,OutputGeneLabel,InteractionLabel,SiteStatus
SGK1,phosphorylates,CDKN1B,T157,1,-1,1,-1
SGK1,phosphorylates,CDKN1B,T198,1,-1,1,-1
SGK1,phosphorylates,MAP2K4,S80,1,-1,1,-1
SGK1,phosphorylates,FOXO1,S256,1,-1,1,-1
SGK1,phosphorylates,FOXO1,T24,1,-1,1,-1
SGK1,phosphorylates,FOXO1,S319,1,-1,1,-1
MAPK1,phosphorylates,TSC2,S1452,1,-1,1,-1
MAPK1,phosphorylates,CEBPA,S21,1,-1,1,-1
MAPK1,phosphorylates,CIC,S1409,1,-1,1,-1
MAPK1,phosphorylates,ERF,T526,1,-1,1,-1
MAPK1,phosphorylates,FBXW7,T205,1,-1,1,-1
MAPK1,phosphorylates,CDKN1A,T57,1,-1,1,-1
MAPK1,phosphorylates,CDKN1A,S130,1,-1,1,-1
MAPK1,phosphorylates,CDKN1B,T187,1,-1,1,-1
MAPK1,phosphorylates,SMAD3,S208,1,-1,1,-1
MAPK1,phosphorylates,SMAD3,S204,1,-1,1,-1
MAPK1,phosphorylates,SMAD3,S213,1,-1,1,-1
MAPK1,phosphorylates,SMAD3,T179,1,-1,1,-1
MAPK1,phosphorylates,BCL2L11,S69,1,-1,1,-1
MAPK1,phosphorylates,TCF3,S359,1,-1,1,-1
MAPK1,phosphorylates,TCF3,T355,1,-1,1,-1
MAPK1,phosphorylates,TCF3,S352,1,-1,1,-1
MAPK1,phosphorylates,TP53,T55,1,-1,1,-1
MAPK1,phosphorylates,RUNX1,S276,1,-1,1,-1
MAPK1,phosphorylates,RUNX1,T300,1,-1,1,-1
MAPK1,phosphorylates,RUNX1,S293,1,-1,1,-1
MAPK1,phosphorylates,CASP8,S387,1,-1,1,-1
MAPK3,phosphorylates,ETV6,S213,1,-1,1,-1
MAPK3,phosphorylates,ETV6,S257,1,-1,1,-1
MAPK3,phosphorylates,CEBPA,S21,1,-1,1,-1
MAPK3,phosphorylates,CIC,S1409,1,-1,1,-1
MAPK3,phosphorylates,ERF,T526,1,-1,1,-1
MAPK3,phosphorylates,FBXW7,T205,1,-1,1,-1
MAPK3,phosphorylates,CDKN1B,T187,1,-1,1,-1
MAPK3,phosphorylates,SMAD3,S208,1,-1,1,-1
MAPK3,phosphorylates,SMAD3,S204,1,-1,1,-1
MAPK3,phosphorylates,SMAD3,S213,1,-1,1,-1
MAPK3,phosphorylates,SMAD3,T179,1,-1,1,-1
MAPK3,phosphorylates,BCL2L11,S69,1,-1,1,-1
MAPK3,phosphorylates,TCF3,T355,1,-1,1,-1
MAPK3,phosphorylates,RUNX1,S276,1,-1,1,-1
MAPK3,phosphorylates,RUNX1,T300,1,-1,1,-1
MAPK3,phosphorylates,RUNX1,S293,1,-1,1,-1
MAPK3,phosphorylates,CASP8,S387,1,-1,1,-1
PRKACA,phosphorylates,RB1,S780,1,-1,1,-1
PRKACA,phosphorylates,NF2,S10,1,-1,1,-1
PRKACA,phosphorylates,NF2,S518,1,-1,1,-1
PRKACA,phosphorylates,CUX1,S1237,1,-1,1,-1
PRKACA,phosphorylates,CUX1,S1270,1,-1,1,-1
PRKACA,phosphorylates,PIK3R1,S83,1,-1,1,-1
ABL1,phosphorylates,CBL,Y700,1,-1,1,-1
ABL1,phosphorylates,RAD51,Y54,1,-1,1,-1
ABL1,phosphorylates,CDKN1B,Y88,1,-1,1,-1
ABL1,phosphorylates,CDKN1B,Y89,1,-1,1,-1
ABL1,phosphorylates,NFKBIA,Y305,1,-1,1,-1
ABL1,phosphorylates,ROBO1,Y1073,1,-1,1,-1
AURKB,phosphorylates,TP53,S269,1,-1,1,-1
AURKB,phosphorylates,TP53,S215,1,-1,1,-1
AURKB,phosphorylates,TP53,T211,1,-1,1,-1
AURKB,phosphorylates,TP53,T284,1,-1,1,-1
AURKB,phosphorylates,TP53,S183,1,-1,1,-1
AURKB,phosphorylates,RB1,S780,1,-1,1,-1
GSK3B,phosphorylates,BLM,T171,1,-1,1,-1
GSK3B,phosphorylates,PTEN,T366,1,-1,1,-1
GSK3B,phosphorylates,CDKN1A,S114,1,-1,1,-1
GSK3B,phosphorylates,CDKN1A,T57,1,-1,1,-1
CDK4,phosphorylates,NPM1,T199,1,-1,1,-1
CDK4,phosphorylates,BRCA1,S632,1,-1,1,-1
CDK4,phosphorylates,SMAD3,S208,1,-1,1,-1
CDK4,phosphorylates,SMAD3,T8,1,-1,1,-1
CDK4,phosphorylates,SMAD3,S204,1,-1,1,-1
CDK4,phosphorylates,SMAD3,S213,1,-1,1,-1
CDK4,phosphorylates,SMAD3,T179,1,-1,1,-1
CDK4,phosphorylates,RB1,S249,1,-1,1,-1
CDK4,phosphorylates,RB1,S811,1,-1,1,-1
CDK4,phosphorylates,RB1,S795,1,-1,1,-1
CDK4,phosphorylates,RB1,S807,1,-1,1,-1
CDK4,phosphorylates,RB1,T826,1,-1,1,-1
CDK4,phosphorylates,RB1,S780,1,-1,1,-1
CDK4,phosphorylates,RB1,T252,1,-1,1,-1
CDK4,phosphorylates,RB1,T373,1,-1,1,-1
CDK4,phosphorylates,CDKN1B,Y88,1,-1,1,-1
CDK4,phosphorylates,CDKN1B,T157,1,-1,1,-1
CDK4,phosphorylates,CDKN1B,T187,1,-1,1,-1
CDK4,phosphorylates,CDKN1B,T198,1,-1,1,-1
CDK4,phosphorylates,CDKN1B,Y89,1,-1,1,-1
CDK4,dephosphorylates,CDKN1A,T145,1,-1,-1,1
CDK4,phosphorylates,FOXO1,S249,1,-1,1,-1
XPO1,phosphorylates,TP53,T55,1,-1,1,-1
ABL2,phosphorylates,CBL,Y774,1,-1,1,-1
ABL2,phosphorylates,CBL,Y700,1,-1,1,-1
ABL2,phosphorylates,ROBO1,Y1073,1,-1,1,-1
VAV1,phosphorylates,CBL,Y700,1,-1,1,-1
JAK2,phosphorylates,CDKN1B,Y88,1,-1,1,-1
JAK2,phosphorylates,CDKN1B,T157,1,-1,1,-1
JAK2,phosphorylates,CDKN1B,T198,1,-1,1,-1
JAK2,phosphorylates,SOCS3,Y221,1,-1,1,-1
JAK2,phosphorylates,SOCS3,Y204,1,-1,1,-1
AKT1,phosphorylates,NF2,S315,1,-1,1,-1
AKT1,phosphorylates,NF2,S10,1,-1,1,-1
AKT1,phosphorylates,NF2,T230,1,-1,1,-1
AKT1,phosphorylates,CHEK1,S280,1,-1,1,-1
AKT1,phosphorylates,SMAD3,T179,1,-1,1,-1
AKT1,phosphorylates,PTEN,S385,1,-1,1,-1
AKT1,phosphorylates,PTEN,S380,1,-1,1,-1
AKT1,phosphorylates,CDKN1B,T157,1,-1,1,-1
AKT1,phosphorylates,CDKN1B,T187,1,-1,1,-1
AKT1,phosphorylates,CDKN1B,T198,1,-1,1,-1
AKT1,phosphorylates,MAP2K4,S80,1,-1,1,-1
AKT1,phosphorylates,NCOR1,S1450,1,-1,1,-1
AKT1,phosphorylates,TSC2,T1462,1,-1,1,-1
AKT1,phosphorylates,TSC2,S981,1,-1,1,-1
AKT1,phosphorylates,TSC2,S939,1,-1,1,-1
AKT1,phosphorylates,FOXO1,S256,1,-1,1,-1
AKT1,phosphorylates,FOXO1,T24,1,-1,1,-1
AKT1,phosphorylates,FOXO1,S319,1,-1,1,-1
AKT2,phosphorylates,CDKN1B,T157,1,-1,1,-1
AKT2,dephosphorylates,CDKN1A,T145,1,-1,-1,1
AKT2,phosphorylates,TSC2,T1462,1,-1,1,-1
AKT2,phosphorylates,TSC2,S1130,1,-1,1,-1
AKT2,phosphorylates,TSC2,S939,1,-1,1,-1
AKT2,phosphorylates,FOXO1,S256,1,-1,1,-1
AKT2,phosphorylates,FOXO1,T24,1,-1,1,-1
AKT2,phosphorylates,FOXO1,S319,1,-1,1,-1
INSR,phosphorylates,CBL,Y774,1,-1,1,-1
INSR,phosphorylates,CBL,Y700,1,-1,1,-1
INSR,phosphorylates,PTEN,Y174,1,-1,1,-1
INSR,phosphorylates,PTEN,Y27,1,-1,1,-1
LYN,phosphorylates,CASP8,Y448,1,-1,1,-1
LYN,phosphorylates,CASP8,Y380,1,-1,1,-1
LYN,phosphorylates,CDKN1B,Y88,1,-1,1,-1
LYN,phosphorylates,CBL,Y774,1,-1,1,-1
LYN,phosphorylates,CBL,Y700,1,-1,1,-1
PAK1,phosphorylates,FOXO1,S256,1,-1,1,-1
PAK1,phosphorylates,NF2,S518,1,-1,1,-1
SRC,phosphorylates,CASP8,Y380,1,-1,1,-1
SRC,phosphorylates,CDKN1B,Y74,1,-1,1,-1
SRC,phosphorylates,CDKN1B,Y88,1,-1,1,-1
SRC,phosphorylates,CDKN1B,Y89,1,-1,1,-1
SRC,phosphorylates,CBL,Y774,1,-1,1,-1
SRC,phosphorylates,CBL,Y700,1,-1,1,-1
SRC,phosphorylates,PTEN,Y174,1,-1,1,-1
CTNNB1,dephosphorylates,CDKN1B,S10,1,-1,-1,1
SYK,phosphorylates,CBL,Y774,1,-1,1,-1
SYK,phosphorylates,CBL,Y700,1,-1,1,-1
LCK,phosphorylates,SOCS3,Y221,1,-1,1,-1
LCK,phosphorylates,SOCS3,Y204,1,-1,1,-1
LCK,phosphorylates,CBL,Y774,1,-1,1,-1
LCK,phosphorylates,CBL,Y700,1,-1,1,-1
BTK,phosphorylates,NFKBIA,Y305,1,-1,1,-1
FYN,phosphorylates,PTPRT,Y915,1,-1,1,-1
FYN,phosphorylates,CBL,Y774,1,-1,1,-1
FYN,phosphorylates,CBL,Y700,1,-1,1,-1
AURKA,phosphorylates,TP53,S215,1,-1,1,-1
AURKA,phosphorylates,BCL2L11,S98,1,-1,1,-1
AURKA,phosphorylates,BCL2L11,S93,1,-1,1,-1
AURKA,phosphorylates,BCL2L11,S94,1,-1,1,-1
CDC42,dephosphorylates,CBL,Y371,1,-1,-1,1
CDK6,phosphorylates,NPM1,T199,1,-1,1,-1
CDK6,phosphorylates,RB1,S811,1,-1,1,-1
CDK6,phosphorylates,RB1,S795,1,-1,1,-1
CDK6,phosphorylates,RB1,S807,1,-1,1,-1
CDK6,phosphorylates,RB1,S780,1,-1,1,-1
CDK6,phosphorylates,RB1,T826,1,-1,1,-1
CDK6,phosphorylates,CDKN1A,S130,1,-1,1,-1
CDK6,phosphorylates,CDKN1B,T187,1,-1,1,-1
CDK6,phosphorylates,TCF3,S359,1,-1,1,-1
CDK6,phosphorylates,TCF3,S379,1,-1,1,-1
CDK6,phosphorylates,TCF3,T355,1,-1,1,-1
CDK6,phosphorylates,RUNX1,S276,1,-1,1,-1
CDK6,phosphorylates,RUNX1,T300,1,-1,1,-1
CDK6,phosphorylates,RUNX1,S293,1,-1,1,-1
CDK8,phosphorylates,SMAD3,S208,1,-1,1,-1
CDK8,phosphorylates,SMAD3,S213,1,-1,1,-1
CDK8,phosphorylates,SMAD3,T179,1,-1,1,-1
IRS1,phosphorylates,CBL,Y774,1,-1,1,-1
IRS1,phosphorylates,CBL,Y700,1,-1,1,-1
EGFR,phosphorylates,CBL,Y774,1,-1,1,-1
EGFR,phosphorylates,CBL,Y700,1,-1,1,-1
AKT3,phosphorylates,CDKN1B,T157,1,-1,1,-1
AKT3,phosphorylates,TSC2,T1462,1,-1,1,-1
AKT3,phosphorylates,TSC2,S939,1,-1,1,-1
AKT3,phosphorylates,FOXO1,S256,1,-1,1,-1
AKT3,phosphorylates,FOXO1,T24,1,-1,1,-1
AKT3,phosphorylates,FOXO1,S319,1,-1,1,-1
YES1,phosphorylates,CDKN1B,Y74,1,-1,1,-1
YES1,phosphorylates,CDKN1B,Y88,1,-1,1,-1
YES1,phosphorylates,CDKN1B,Y89,1,-1,1,-1
YES1,phosphorylates,CBL,Y774,1,-1,1,-1
YES1,phosphorylates,CBL,Y700,1,-1,1,-1
ERBB2,phosphorylates,BBC3,Y172,1,-1,1,-1
ERBB2,phosphorylates,BBC3,Y152,1,-1,1,-1
ERBB2,phosphorylates,BBC3,Y58,1,-1,1,-1
MDM2,dephosphorylates,CDKN1A,T55,1,-1,-1,1
MDM2,dephosphorylates,TP53,S20,1,-1,-1,1
MDM2,dephosphorylates,TP53,S106,1,-1,-1,1
MDM2,dephosphorylates,TP53,T18,1,-1,-1,1
MDM2,dephosphorylates,TP53,T81,1,-1,-1,1
MDM2,dephosphorylates,TP53,S392,1,-1,-1,1
MDM2,phosphorylates,RB1,S567,1,-1,1,-1
PIK3CA,phosphorylates,CBL,Y774,1,-1,1,-1
PIK3CA,phosphorylates,CBL,Y700,1,-1,1,-1
PIK3CB,phosphorylates,CBL,Y774,1,-1,1,-1
PIK3CB,phosphorylates,CBL,Y700,1,-1,1,-1
HDAC1,dephosphorylates,RUNX1,S424,1,-1,-1,1
HDAC1,dephosphorylates,RUNX1,S303,1,-1,-1,1
HDAC1,dephosphorylates,RUNX1,S48,1,-1,-1,1
KDR,phosphorylates,CBL,Y774,1,-1,1,-1
JAK3,phosphorylates,SOCS3,Y221,1,-1,1,-1
JAK3,phosphorylates,SOCS3,Y204,1,-1,1,-1
CCNE1,phosphorylates,RB1,S567,1,-1,1,-1
CCNE1,phosphorylates,RB1,S795,1,-1,1,-1
CCNE1,phosphorylates,RB1,T826,1,-1,1,-1
CCNE1,phosphorylates,CDKN1A,S130,1,-1,1,-1
PIK3CD,phosphorylates,CBL,Y774,1,-1,1,-1
PIK3CD,phosphorylates,CBL,Y700,1,-1,1,-1
CCND1,phosphorylates,CDKN1B,Y74,1,-1,1,-1
CCND1,phosphorylates,CDKN1B,Y88,1,-1,1,-1
CCND1,phosphorylates,CDKN1B,T157,1,-1,1,-1
CCND1,phosphorylates,CDKN1B,T187,1,-1,1,-1
CRKL,phosphorylates,CBL,Y774,1,-1,1,-1
CRKL,phosphorylates,CBL,Y700,1,-1,1,-1
CCND2,phosphorylates,RB1,S795,1,-1,1,-1
CCND2,phosphorylates,RB1,S780,1,-1,1,-1
LRP6,phosphorylates,EP300,S89,1,-1,1,-1
